일자,sms내용
2020,보셨나요에스에스알상한가청산홈센타홀딩스청산마이더스염부장거부
2020,광고농협일대출신청고객님연억원까지년간사용가능무료거부
2020,광고로또인년새해호등영수증보시고氣받으세요전체할인중무료거부
2020,★급등주및증시분석체험눌러서입장httpsopenkakaocomogquTmgPb무료거부
2020,광고로또인년새해호등영수증보시고氣받으세요전체할인중무료거부
2020,★급등주및증시분석체험눌러서입장httpsopenkakaocomogquTmgPb무료거부
2020,LG화학구매Portal에서PO를수신하였습니다FW
2020,행v진처엇추웅전일이삼오셔성바드새오오는길HAMG
2020,상담으로시작달에오천버는방법httpsvolaDKUU
2020,※억적금플랜재테크투자※내집마련OK노후은퇴설계OKbitlykrYZItxeJ네이버카페
2020,광고가난하다고포기부터하시면절대안됩니다bandyoonkr▲구경하기▲무료거부
2020,내일바로월세수성구상가실투자만임차계약OK실평년임대월세만
2020,광고회원님시간참여시확정밴드바로보기ggggccband무료거부
2020,▶체험종목수익실현▶오늘오후시체험종목발표openkakaocomogkWHlRb
2020,광고백상훈님금일시간진행시확정ggggnaband밴드초대보기무료거부
2020,안녕하세요휴대폰개통했던대리점입니다■G노트■공짜◐명만가능◐성함만적어주세요
2020,안녕하세요휴대폰개통했던대리점입니다■G노트■공짜◐명만가능◐성함만적어주세요
2020,▶체험종목수익실현▶오늘오후시체험종목발표openkakaocomogkWHlRb
2020,김종민님상담으로시작달칠천버는비결volafifr
2020,광고최oooo대메쟈소개play대문구구일무료거부
2020,듀돌려받는느십대로기를힘껏살려준다II더정httpcavrpkr
2020,광고네이버밴드로당신을초대합니다httpnaverhmcom무료거부
2020,광고옆집장사하던부부가장사접고대박난재테크정보bitlyJDlPA무료거부
2020,광고옆집장사하던부부가장사접고대박난재테크정보bitlyJDlPA무료거부
2020,광고옆집장사하던부부가장사접고대박난재테크정보bitlyJDlPA무료거부M
2020,경자년무료쿠폰도착했습니다httpscuttlyrigi지금확인
2020,광고점심식사하세요naver밴드초대장bandgdcomcmlzie무료거부
2020,최용희회원님께만드리는카카오에투자법특별공개확인하기▶httpsvolaEmt
2020,잔액만회원님lDcheryllPWbⓔtfoxcom
2020,우센즈리금일오픈계무만원료열장으로출ok주소usus
2020,광고그랜드★오픈샌즈♥신규가입바로퍼１５장EHBS９무료거부
2020,광고당신을NAVER밴드로초대합니다httpnaverbandpjhcomgg무료거부
2020,광고맛집행복을누리세요맛집도홍보마케팅으로이루어집니다놓치지마세요☏시상담가능
2020,안녕하세요원장님덕분에빚청산했어요감사해요저기정말대박이에요httpsckrcitn
2020,광고최oooo대메쟈소개play대문구구일무료거부
2020,광고최oooo대메쟈소개play대문구구일무료거부
2020,광고생각의차이가미래를바꾼다단기수입５００％보장hanglehNGL무료수신거부
2020,소액으로하루만원버는법최초공개합니다아래채널확인▼nazrincQ인증번호
2020,광고수성구두산동유흥촌재개발주복천세대유일코너병원상가학원약국프랜차이즈문의폭주
2020,광고httpsbitlyukCUgk매일시간씩확인하세요성공합니다무료거부
2020,초대합니다명품서구진짜일꾼김명진출판기념회월일토김대중컨벤션센터층
2020,ClR리스D레곤Bla안면붉어짐아픔해결GiFt만어치원남SizE빅녀오르GA즘wwwbitlyBqPU
2020,메이저년운영처음정확히챙겨드립니다출석이벤확인집anacaⓣcom추HP
2020,출금천국▩씨유▩회원가입대박예감yoycom
2020,광고FxOne도산대로분만에수익률유투브로확인httpdidoYkl무료거부
2020,httpspfkakaocomrExgxjTfriend오늘의상한종목은AI인공지능특급찌라시속보알림
2020,광고FxOne도산대로분만에수익률유투브로확인httpdidoYkl무료거부
2020,스마트부업위혼자무리하지마세요도움받고해보세요당일최소예리kr
2020,요즘연예인들사이에서인기있는알짜배기재테크늦으면본인손해httpsbitlyZNbFn
2020,광고httpxcokrnGa위터치연초선정인원이되셨습니다급등폭등무료거부
2020,출금천국▩씨유▩회원가입대박예감yoy
2020,광고월천만버는중요한이것오늘공개volazYVl무료거부인증번호
2020,광고월천만버는중요한이것오늘공개volaTrUy무료거부인증번호
2020,광고FxOne도산대로분만에수익률유투브로확인httpdidoYkl무료거부
2020,광고수성구두산동유흥촌재개발천세대중심유일코너병원상가학원프랜차이즈문의폭주
2020,선착순분하루분투자수익률당일수익당일환급참여해보기httplcojpnUD
2020,ⓕyswcom정통우카입금뽀배무료쿱증정빵빵쏜다
2020,해외기준점매주토요일페이백최고대우gotopcomwcv
2020,광고신시스템미주초연모임만남행사httpbItLyNcOY무료거부
2020,광고더KNGOO쿠봉E②Ee③COMAZNㅇ우ㄹ무료거부
2020,광고더KNGOO쿠봉e②E②E③coMAZNㅇ우ㄹ무료거부
2020,해외기준점매주토요일페이백최고대우gotopcomwcv
2020,광고역경속에도희망이증정가입isgdwRRbAr무료거부
2020,광고전문가도주목하는신개념재텍httpinvestmekr무료거부
2020,광고아메리카②만두림환해바제쟤없어조인AMKF커흠무료거부
2020,해외기준점매주토요일페이백최고대우astopcomwcv
2020,해외기준점매주토요일페이백최고대우astopcomwcv
2020,광고더KNGOO쿠봉E②e②e③comAZNㅇ우ㄹ무료거부
2020,광고정성을담아만즉시지급되면출루마스me무료수신거부
2020,해외기준점매주토요일페이백최고대우astopcomwcv
2020,해외기준점매주토요일페이백최고대우astopcomwcv
2020,해외기준점매주토요일페이백최고대우astopcomwcv
2020,해외기준점매주토요일페이백최고대우astopcomwcv
2020,백상훈님원금보장상품출시수익률달성확인해보세요httpscuttlyArilOJl
2020,광고전문가도주목하는신개념재텍httpinvestmekr무료거부
2020,광고더KNGOO쿠봉Ee②e③comAZN우ㄹ무료거부
2020,광고아직도무의미한시간만보내시나요httptrim무료클릭상담무료거부
2020,광고새로운놀터G금바로오가입C콩무료지그읍꺠턱CD무료거부
2020,광고■카즈N우리■쿳폰원신년▶행사‰dmdc∮m무료거부
2020,광고NAVERBAND초대bandgoldencomnaver무료수신거부
2020,코로나백신관련테마주분석선착순입장pfkakaocomtkKdxl
2020,코로나백신관련테마주분석선착순입장pfkakaocomtkKdxl
2020,코로나백신관련테마주분석선착순입장pfkakaocomtkKdxl
2020,코로나백신관련테마주분석선착순입장pfkakaocomtkKdxl
2020,코로나백신관련테마주분석선착순입장pfkakaocomtkKdxl
2020,코로나백신관련테마주분석선착순입장pfkakaocomtkKdxl
2020,코로나백신관련테마주분석선착순입장pfkakaocomtkKdxl
2020,코로나백신관련테마주분석선착순입장pfkakaocomtkKdxl
2020,코로나백신관련테마주분석선착순입장pfkakaocomtkKdxl
2020,코로나백신관련테마주분석선착순입장pfkakaocomtkKdxl
2020,코로나백신관련테마주분석선착순입장pfkakaocomtkKdxl
2020,코로나백신관련테마주분석선착순입장pfkakaocomtkKdxl
2020,코로나백신관련테마주분석선착순입장pfkakaocomtkKdxl
2020,코로나백신관련테마주분석선착순입장pfkakaocomtkKdxl
2020,코로나백신관련테마주분석선착순입장pfkakaocomtkKdxl
2020,코로나백신관련테마주분석선착순입장pfkakaocomtkKdxl
2020,코로나백신관련테마주분석선착순입장pfkakaocomtkKdxl
2020,코로나백신관련테마주분석선착순입장pfkakaocomtkKdxl
2020,코로나백신관련테마주분석선착순입장pfkakaocomtkKdxl
2020,코로나백신관련테마주분석선착순입장pfkakaocomtkKdxl
2020,코로나백신관련테마주분석선착순입장pfkakaocomtkKdxl
2020,코로나백신관련테마주분석선착순입장pfkakaocomtkKdxl
2020,코로나백신관련테마주분석선착순입장pfkakaocomtkKdxl
2020,코로나백신관련테마주분석선착순입장pfkakaocomtkKdxl
2020,코로나백신관련테마주분석선착순입장pfkakaocomtkKdxl
2020,코로나백신관련테마주분석선착순입장pfkakaocomtkKdxl
2020,코로나백신관련테마주분석선착순입장pfkakaocomtkKdxl
2020,코로나백신관련테마주분석선착순입장pfkakaocomtkKdxl
2020,코로나백신관련테마주분석선착순입장pfkakaocomtkKdxl
2020,코로나백신관련테마주분석선착순입장pfkakaocomtkKdxl
2020,코로나백신관련테마주분석선착순입장pfkakaocomtkKdxl
2020,코로나백신관련테마주분석선착순입장pfkakaocomtkKdxl
2020,코로나백신관련테마주분석선착순입장pfkakaocomtkKdxl
2020,코로나백신관련테마주분석선착순입장pfkakaocomtkKdxl
2020,코로나백신관련테마주분석선착순입장pfkakaocomtkKdxl
2020,코로나백신관련테마주분석선착순입장pfkakaocomtkKdxl
2020,코로나백신관련테마주분석선착순입장pfkakaocomtkKdxl
2020,코로나백신관련테마주분석선착순입장pfkakaocomtkKdxl
2020,코로나백신관련테마주분석선착순입장pfkakaocomtkKdxl
2020,코로나백신관련테마주분석선착순입장pfkakaocomtkKdxl
2020,코로나백신관련테마주분석선착순입장pfkakaocomtkKdxl
2020,코로나백신관련테마주분석선착순입장pfkakaocomtkKdxl
2020,코로나백신관련테마주분석선착순입장pfkakaocomtkKdxl
2020,코로나백신관련테마주분석선착순입장pfkakaocomtkKdxl
2020,코로나백신관련테마주분석선착순입장pfkakaocomtkKdxl
2020,코로나백신관련테마주분석선착순입장pfkakaocomtkKdxl
2020,이전종합운동장
2020,광고님원도착오시면드려요추천sⓟⓔ⑥kr무료거부
2020,광고우★카즈N리★원입금‰최대만dmdc♠m무료거부
2020,광고우★카즈N리★원입금‰최대만dmdc♠m무료거부
2020,★퍼스트조이★번호변경안내문자드립니다앞으로여기로연락부탁드려요
2020,광고박찬님시간참여시확정밴드바로보기ggggccband무료거부
2020,언제까지주식코인부동산투자로인해손실보고계실건가요이색제태크volaCw로오세요
2020,광고우리CA진호sands⑤com예스가sands로새오픈서비스지급무료거부
2020,경자년대박기원무료쿠폰드렸습니다httpscuttlyqrizUf좋은하루되세요
2020,ｋＷ７neｔ백화점게임백화점다양한이벤껑짜먼콩게임메인한국
2020,경자년대박기원무료쿠폰드렸습니다httpscuttlyqrizUf좋은하루되세요
2020,광고↓코더↓↓드오만↓↓는션원↓isgdOKUEFu무료거부
2020,광고오늘선착분장드립니다장챙겨가세요로시스me무료거부
2020,원의행복갤노트엘지V명만원개통센터성함남겨주시면연락드리겠습니다
2020,광고확인하시고문의주세요httpsisgdLtDrHQ무료거부
2020,해외기준점매주토요일페이백최고대우astopcomwcv
2020,걍남미러방여우들MAX콜홈httpbitlyRBosLWm
2020,성공을위한지름길확인httpscuttlyricOv무료진행
2020,안녕하세요퇴근길이신가요httpnazrinc무료쿠폰도착하여문자드립니다
2020,광고BAND초대장bandusscomyou무료거부
2020,광고회원님잔여p만lDPWⓟⓛcⓔbcom무료수신거부
2020,광고습이무엇이든할게무료거부
2020,우샌즈리금일오픈계무만료열장으로출ok주소vsvs
2020,우샌즈리금일오픈계무만료열장으로출ok주소vsvs
2020,광고NEW우리계통센즈CASＩN♥새고객님만♥sanz⑧⑧com무료수신거부
2020,우샌즈리금일오픈계무만료열장으로출ok주소vsvs
2020,인증번호입니다
2020,박성숙님헌혈주기일입니다생명을살리는헌혈그고귀한사랑실천을부탁드립니다
2020,광고ggggbandcc참여후기하루시간진행시보장확정무료거부
2020,광고힘찬치매치료제승인월요일시가마지막기회참여무료거부
2020,이름님어르신도하는재테크이것으로집마련공유확인ckrdkm
2020,광고회사다니기어때httpsurlkrhgrc힘들지나만따라와무료거부
2020,광고숙대S번기노S요i갤KL톡문의무료거부
2020,만원수입은여기서안전하고꾸준한수입▼후기보러가기▼httpsbandggbandhtml
2020,광고단돈만원으로하루삼십만가능▼채널확인cozjpqUu인증번호무료거부
2020,억만들기프로젝트당신도할수있습니다httpcojkrqm
2020,광고시간만에내연봉이내통장으로bitlywiSpGs무료거부
2020,최원진만의무료투자설계교육상담하기▶httpbitdofwxb
2020,광고꽁많이주면신뢰할수있나요우리사랑COM필확인요무료수신거부
2020,광고사람들은왜하필지금오픈하냐고합니다코로나에오픈할만한위치정바다무료거부
2020,공군방역대책본부지시사항장병개인위생철저간부솔선수범하여마스크착용
2020,광고이런시기에모델하우스오픈이위치라서오픈청약금만원김소연무료거부
2020,광고놀랍게고맙게행복해이유리입니다httpsbitlyHVClP무료거부
2020,광고될때까지시도하라그래야성공한다성공하기▶httplcojpqAx무료거부
2020,노후자금지금부터준비하세여httpreurlkrEBBP
2020,광고로렉스콗먄웒주꼐꺄지홙햬주께컈뚟TA무료거부
2020,광고정주영님일정시환급당일가능확인하기bandwinus무료거부
2020,억만들기프로젝트손실복구케어첫진행비지급
2020,광고오늘도고단한당신httpsurlkrhgrc편히집에서일하자무료거부
2020,광고일시간진행시수익발생결과로보여드립니다bandmtus무료거부
2020,광고황순철님일정시환급당일가능확인하기bandwinus무료거부
2020,광고안창경님일정시환급당일가능확인하기bandwinus무료거부
2020,광고오늘도고단한당신httpsurlkrhgrc편히집에서일하자무료거부
2020,광고주일천만원만드는법안내httpvcokrqUg무료거부인증번호
2020,광고주식접고달만에건물샀습니다어떻게urlkrvZMrBP무료거부
2020,경제침체로인한주식하락문제앙도인정한수익률당일volaPlG
2020,광고백상훈님핵심종목무료안내예약완료httporekrpx무료거부
2020,광고httpsrbgyqhe힘든상황속확실한수익지원금까지지원무료수신거부
2020,광고박은영님일정시환급당일가능확인하기bandwinus무료거부
2020,광고여러분께저만의노하우를알려드립니다httpsisgdIkBMd무료수신거부
2020,광고실화라구가입하면만교촌까지준다고바로지금여기고cc무료거부
2020,듀광고정해창님단기간돈이되는핫한정보클릭확인▶iorkrqUA무료거부
2020,윈윈해외SPORTSBOOKLCKSpring한화KT아프리카담원환있어도OKWINWIN⑤⑤COM
2020,공식제휴업채자본금신뢰도년연속위검증천지급VIP멤버모집중Qⓙ⑤COM추천EX
2020,공식제휴업채자본금신뢰도년연속위검증천지급VIP멤버모집중Qⓙ⑤COM추천EX
2020,광고세할아버지도이걸로집을계약하셨습니다reurlkrEBBXT무료거부
2020,공식제휴업채자본금신뢰도년연속위검증천지급VIP멤버모집중J②NCOM추천EX
2020,공식제휴업채자본금신뢰도년연속위검증천지급VIP멤버모집중J②NCOM추천EX
2020,공식제휴업채자본금신뢰도년연속위검증천지급VIP멤버모집중J②NCOM추천EX
2020,김진용예비후보미래통합당경선확정으뜸도시연수갑의재도약을기필코이루겠습니다
2020,금창원님금일수익만원달성여기서확인↓↓↓↓↓↓↓httpsvolauyOx
2020,공식제휴업채자본금신뢰도년연속위검증천지급VIP멤버모집중J②NCOM추천EX
2020,공식제휴업채자본금신뢰도년연속위검증천지급VIP멤버모집중J②NCOM추천EX
2020,광고말로만하지않습니다성공하는비법blogdaumnetms무료거부
2020,공식제휴업채자본금신뢰도년연속위검증천지급VIP멤버모집중J②NCOM추천EX
2020,공식제휴업채자본금신뢰도년연속위검증천지급VIP멤버모집중J②NCOM추천EX
2020,광고박경숙님토지부자들의비결공개합니다☎bitlyVwwxC무료거부
2020,세상이시끌거려도무샌즈료만원bybycom
2020,광고이거하나로집사고결혼도했습니다wwwbandnanumnetyun무료거부
2020,광고일주일천만원비결blogdaumnetsinsungho무료거부
2020,우리결혼해요청접장natoqV
2020,재테크언제까지기다리시기만하실건가요노후대비알아만놔도재산되는정보bitlyrnQK
2020,왜확인안해보시나요httpsvolaHSaM확인하시고기회놓치지마세요
2020,단돈원도손실나지않습니다원금유지위주순이익OvolaWjv
2020,자본금신뢰도년연속①위검증천지급VIP멤버모집JN⑨COM추천EX
2020,파워블엠쥐이엠로텃스백프로답안지픽후블재에카카아오톡삼삼구육
2020,광고아무나믿을수있어행복으로가는AtoZhttpbitlykrTsIcVj무료거부
2020,광고안심하고클릭야마또께임릴com번호현찰oooo원보냅니다무료거부
2020,단돈원도손실나지않습니다원금보장순이익volaSjA
2020,공식제휴업채자본금신뢰도년연속위검증천지급VIP멤버모집V⑤RCOM추천EX
2020,해외운영년차인증가능잔고억이상위업체에서천지원과함께YⓗCOM추BP
2020,☆하얀티켓☆매월일은한도리셋되오니필요한고객님께서는연락바람좋은하루되세요
2020,해외운영년차인증가능잔고억이상위업체에서천지원과함께YⓗCOM추BP
2020,파워블앰쥐이앰로튜수백퍼답안지피ㄱ후불로까떠옥삼삼구육
2020,단돈원도손실나지않습니다원금유지위주순이익OvolaWjv
2020,파워블앰쥐이앰로튜수백퍼답안지피ㄱ후불로까떠옥삼삼구육
2020,네이버인증번호를입력해주세요
2020,광고회로또추첨에서등개당첨되셨습니다로또리드무료수신거부
2020,삼성승인장나원일시불쿠팡누적원
2020,우리은행인증번호를불러달라는전화는사기전화입니다인증번호
2020,농협자동출금원UMS수수료잔액원
2020,조인환입니다♥MH에탄올♥한국알콜명만더받고마무리그동안감사했습니다
2020,냉동냉장우체국택배를경배달예정입니다교부서울도봉우체
2020,※참여도점수는게시판참여코너자기소개서or학습계획서작성바랍니다
2020,광고더페이스샵최대세일단일간오늘일토문의무료수신거부
2020,엠게임이하매수손절가이하httpsopenkakaocomogKkrOYb무료리딩방오세요
2020,농협출금원동엽세재잔액원
2020,김용원고객님요청한공기청정기원승인완료문의
2020,현대카드M승인이현원일시불인터넷우체국누적원
2020,광고홍재호님인정받는부모되기시작하세요reurlkrDBCA무료거부
2020,광고힘찬하락장재료반순환섹터예측일↗문의무료거부
2020,광고내집마련▼클릭httpsbitlyCNK몸이아닌머리를써라무료거부
2020,자세히알아보기googlecomsignins
2020,녹두장군vip체험주제이엠아이신규사업발표예정추천가원이하목표가원코로나관련주예정
2020,광고이선열님불행끝행복으로시작내집사기bitlycJwwRF무료거부
2020,광고로또리치주연속고액등조합성공httplottorichcomls무료거부
2020,디테일관리를통한밴드확인↓당일수익▶하루에서만원이상◀httpbandusio
2020,부자들이하는그것똑똑한정보와엄청난목돈후기↓httpsbandgghabandhtml
2020,소액결재현금화미납금없으면만진행가능분내에OK카톡skyq
2020,내이름으로내집만든방법영준맘의성공노하우초대합니다bandusinbandhtml
2020,CALLPUT맞춤형마진거래금일실현률이상실현확인하기▼httpcallputvipcom
2020,광고더승킹인만카전지지화급노vⓥiⓟsⓘnⓞCOm무료수신거부
2020,백상훈님축하합니다채널A서민갑부의출연기회를얻으셨습니다☞서민갑부님께com
2020,녹두장군vip체험주제이엠아이신규사업발표예정추천가원이하목표가원코로나관련주예정
2020,광고태코헌속성교♡육무료거부
2020,광고기회가왔을때는과감하게행동하라bitlyokfzq무료거부
2020,광고httpsbitlyzYBAND초대아름이의이색재테크무료거부인증
2020,광고월급으로만사시는거지겹지도않으신가요httpbitlysavme무료거부
2020,불안전한투자버리고자수성가新VIP정보소수인원분께제공httpsisgduuChBy
2020,최단의시간으로수익을보여드립니다하루수익률보장reurlkrDARC
2020,퇴직은퇴노후준비이것만하면된다httpscuttlymtikWEe지금기회잡으세요
2020,민병호님상류층들의호화스러운생활의비결그비결공개합니다▶bitlyyOl
2020,손실복구상담비용XhttpscuttlyOtoBoN아무것도하지않으면아무일도일어나지않습니다
2020,디테일한관리를통한매일이익↓밴드확인▶에서만원이상◀httpbandusio
2020,광고신용이낮아도무직자여도프로이자I담당자김훈무료거부
2020,광고죠음낮딸녀같이해요♡무료수신거부
2020,듀만원으로천만원수익방법httpbitdofyQDs
2020,httpspfkakaocomjxgGxjxbfriend확인하기프롯토분석완료정답지제공
2020,밴드초대장이것으로집과차를바꿨습니다httpreurlkrDADDG
2020,광고스휘님께맞는상대있어요무료거부
2020,광고매주만들기안내httpiorkrrxG무료거부인증번호
2020,당일만→만원예삐님덕에희망찾아요밴드참고httpsbandggjypbandhtml
2020,카카오에서진행하는종목추천bitlykrcUrqXAxZ
2020,광고자영업자이모씨근심걱정없어진비결httpbitlyAnyone무료수신거부
2020,코로나이겨내시길바랍니다대구중구두바이httpskmkwixsitecomdaegudubai
2020,광고홈인터넷통신사이동하시면원현금증정무료거부
2020,매일만원으로최소만원씩↓밴드회원인증↓보러가기httpsbandggjypbandhtml
2020,어렵지않은한달일억버는법blogdaumnetsh
2020,광고사장님을위해원방문즉시만출금vbs〈OM무료거부
2020,광고♠가입♣KNg♠우리♣oocc♠TTKⓚcom무료거부
2020,사장님만알려드릴게요httppfkakaocomtwYGxbfriend클릭
2020,광고집에서하루단기배자유로운입출금reurlkrDBNG무료거부
2020,광고♠가입♣KNg♠우리♣oocc♠TTKⓚcom무료거부
2020,광고httpsbitlyVQIbX밖에나가기힘든요즘재테크밴드무료거부인증
2020,프로토정답바로확인▼httpspfkakaocomBXlnxbfriend
2020,지속되는대츌부결전여기서쉽게처리했어요httpsbandggdabinbandhtml
2020,광고금일최고의상품도착httpsurlkrhbQUY확인무료거부
2020,파볼앰쥐앰로토스파사유출픽조작답지후불래백퍼센트적중카카오독
2020,광고httpbitlykresJhU매일씩가져가기무료수신거부인증번호
2020,광고♠가입♣증정♣KNg♠우리♠ttKⓚCom무료거부
2020,광고httpbitlykresJhU매일씩가져가기무료수신거부인증번호
2020,광고httpbitlykresJhU매일씩가져가기무료수신거부인증번호
2020,광고httpbitlykresJhU매일씩가져가기무료수신거부인증번호
2020,파볼앰쥐앰로토스파사유출픽조작답지후불래백퍼센트적중카카오독
2020,광고♠가입♣증정♣KNg♠우리♠ttkⓚcoM무료거부
2020,광고♠가입♣증정♣KNg♠우리♠ttkⓚcoM무료거부
2020,주머니빵빵해지는방법상세히알려드립니다blogdaumnetmy
2020,스마트간편부업금일oook무료안내volapiFi
2020,광고모멘텀마진거래새로운인생의전환점bitlyTWxHEy무료거부인증
2020,스마트간편부업금일oook무료안내volapiFi
2020,광고♠가입♣증정♣KNg♠우리♠ttKⓚcOm무료거부
2020,광고당첨되셨네요성공으로가는길로확인▶httptorkrrqa무료거부
2020,광고가입빅이밴lor방son문컴온무료거부인증번호
2020,광고최소천￦종자돈억￦모으기httpjouskrokr무료거부
2020,회원님성투하는분들이미치는이유입니다httpscuttlyEtoNLHH성공을약속드립니다
2020,회원님성투하는분들이미치는이유입니다httpscuttlyEtoNLHH성공을약속드립니다
2020,광고♠가입♣큐본♣KnG♠우리♠skⓚkCOM무료거부
2020,광고♠가입♣CUPON♣KnG♠우리♠sKⓚkcom무료거부
2020,광고♬KNG♬만선물♬ⓕⓕⓦcom우리계통무료수신거부
2020,구글에서님께만원보냈습니다금일천만원랜덤시상극딜kr
2020,광고올해이것듣고내잔고천만원된다어떻게httpstrimbcy무료거부
2020,광고benzm보유원IDPWqⓟq９④com무료거부
2020,광고httpbitlykresJhU매일씩가져가기무료수신거부인증번호
2020,중구를가장잘아는후보중구발전은박성민이제일잘할수있습니다httpsbitlyaIbmRU
2020,광고YB자택근무로원pfkakaocomYxaxjuxb무료거부
2020,광고퍼스트온라인카지노신규쿠폰￦클릭▶cuw⑧com무료거부
2020,송재호를이길수있는▷미래통합당▶장성철일☎전화경선httpsyoutubeQGdDNSzfZc
2020,광고김세은인베스트플래너엑스퍼트동행입니다httpnatoruc무료거부
2020,광고세주부현숙씨년만에아파트산사연httpbitlyssme무료거부
2020,광고쿠☎폰제공hmc〈OM무료거부
2020,광고♬KNG♬만선물♬철저한관리ⓕⓕⓦcom우리계통무료수신거부
2020,금일순익억천만원↓확인↓유앤미tv
2020,광고소중한당신돈을아무한테나맡길까요httpslrlkrjPMqb무료거부
2020,광고모두가만족하는재택httpsbitlyaxXeE남들보다앞서가는길무료거부
2020,광고♥THE킹♥당장３만WOOR계열신규발송zＦ⑤kcom무료거부
2020,광고소중한당신돈을아무한테나맡길까요httpslrlkrjPMqb무료거부
2020,광고실시간호텔CAZN우리↘sⓩcomOOP무료거부
2020,월천노하우당일최소클릭bitlyTBXV
2020,광고장받으신거로얼릉오셔서만다빼세요visnato무료거부
2020,광고월급으로만족해httpsbitlyBHbE따라해보자무료거부
2020,언닝쵸E쓰Gangnam챠꺄지llHome▼httpbitly구경햐기
2020,언닝쵸E쓰Gangnam챠꺄지llHome▼httpbitly구경햐기
2020,광고복건당침만구매만배httpbitdofyQkd무료거부
2020,상담리스크x손해그만자세한문의voladnWY
2020,광고소중한당신돈을아무한테나맡길까요httpslrlkrjPMqb무료거부
2020,카카오그룹에서추천하는원금보장종목추천httpbitdofyQZY
2020,광고울산달동FLDE대기GO정명이상적인결과무료거부
2020,광고♥SANDS♥당장∋만신규행사우리혈통⊂asinoＧjs６COM무료수신거부
2020,당신만몰랐던상류층의진짜비밀수입▼하루최소만원▼httpbandusam
2020,광고주낚시밸리이전으로인한매장운영중단월일정상영업합니다무료거부
2020,광고공식네이버밴드로초대합니다wwwbandnanumnetyun무료거부
2020,좋은친구대운매일정규이벤등록ㅎㅖ텍마니받아가세요ⓓWⓑCOMkeyDWSS
2020,광고소중한당신돈을아무한테나맡길까요httpclickglfiwV☜무료거부
2020,광고♥SANDS♥당장∋만신규행사우리혈통⊂asinoＧjs６COM무료수신거부
2020,광고온라인카지노▶bmccom신규쿠폰￦원무료거부
2020,광고밴드초대장bitlycNslnK무료거부인증
2020,광고열정적인와우대리님적립금회만원회부터천원무료거부
2020,만원꾸준히버실분클릭하세요♥일반인실제후기↓httpsbandggnaverhtml
2020,광고밴드초대장bitlycNslnK무료거부인증
2020,광고월급으로만족해httpsbitlyBHbE따라해보자무료거부
2020,하루평균만새로운부업년월추가회원모집httpsbandggbandhtml
2020,광고성공하는사람들의공통적인습관▼클릭httpsbitlywGyamu무료거부
2020,하루평균만새로운부업년월추가회원모집httpsbandggbandhtml
2020,ROAYLKRWabsscomabsscomROAYL
2020,SANDSKRWbkbkcombkbkcomSANDS
2020,광고녹두장군코로나대장주포착제이엠아이발표임박단기목표천원무료거부
2020,LG헬로비전미납당월원신한입금＆카드결제가능
2020,광고녹두장군코로나대장주포착제이엠아이발표임박단기목표천원무료거부
2020,투광고녹두장군코로나대장주포착제이엠아이발표임박단기목표천원무료거부
2020,광고녹두장군코로나대장주포착제이엠아이발표임박단기목표천원무료거부
2020,광고녹두장군코로나대장주포착제이엠아이발표임박단기목표천원무료거부
2020,광고녹두장군코로나대장주포착제이엠아이발표임박단기목표천원무료거부
2020,광고디흐엄청반겨주는곳무료거부
2020,학부모위원등록마감일은금시입니다칠봉초
2020,광고녹두장군코로나대장주포착제이엠아이발표임박단기목표천원무료거부
2020,코스닥신저가위험예상종목배포중openkakaocomogDLEvb무료로손실방지하세요
2020,광고녹두장군코로나대장주포착제이엠아이발표임박단기목표천원무료거부
2020,코스닥신저가위험예상종목배포중openkakaocomogDLEvb무료로손실방지하세요
2020,국민신문고민원AA이경찰청으로접수되었습니다
2020,전문가와함께라면됩니다지금함께하세요volaZLTi
2020,광고녹두장군코로나대장주포착제이엠아이발표임박단기목표천원무료거부
2020,광고집에서억이제양육비걱정NOnavermykr네이버카페후기무료거부
2020,김해신명초등학교
2020,광고집에서억이제양육비걱정NOnavermykr네이버카페후기무료거부
2020,아침마당에나온정보이방법으로집구매하기초대합니다bandusinbandhtml
2020,광고녹두장군코로나대장주포착제이엠아이발표임박단기목표천원무료거부
2020,광고자연지애크릴국내최고인지질↑할인쇼핑백증정volakktX무료거부
2020,광고녹두장군코로나대장주포착제이엠아이발표임박단기목표천원무료거부
2020,광고녹두장군코로나대장주포착제이엠아이발표임박단기목표천원무료거부
2020,코스닥신저가위험예상종목배포중openkakaocomogdPmvb무료로손실방지하세요
2020,광고엘지SKKT인터넷TV교체현영화드림무료거부
2020,광고알엔케이홀딩스일무료리딩httpsopenkakaocomogyCSZb무료거부
2020,광고녹두장군코로나대장주포착제이엠아이발표임박단기목표천원무료거부
2020,광고녹두장군코로나대장주포착제이엠아이발표임박단기목표천원무료거부
2020,httpsformsgleWHkZeRnKjkaw
2020,우수고객님갤럭신선착순분기계값월천원에교체해드립니다상담신청
2020,하루분만원으로목돈마련하는법지금공개합니다lcojpqXe▲채널이동▲인증번호
2020,광고입금까지책임질께요진행을직접모니터링까지httpshanglgUHe무료거부
2020,광고승인률조회무수수료무갚을의지만있으시면연락kakaoIDsos무료거부
2020,日실현보장복리계산시한달뒤나의자산규모는▼확인▼이제나도부자com
2020,광고로또회차최종발송분석예상번호☞twrkrDH무료거부인증
2020,TV에서방영되서화제된이것천원으로가능한게실화banduskrcom
2020,광고내집마련별거아니야httpsbitlyBHbE너도할수있어무료거부
2020,광고이거로빚다갚았네요기적입니다wwwbandnanumnetyun무료거부
2020,광고증권시작폭락마진거래로대박수익창출bitlyTENtF무료거부인증
2020,회원님성투하는분들이미치는이유입니다httpscuttlyutacsB성공을약속드립니다
2020,회원님성투하는분들이미치는이유입니다httpscuttlyutacsB성공을약속드립니다
2020,광고로또리치주연속고액등조합성공httplottorichcomls무료거부
2020,광고단한번의실천httpidokrXOJP인생이변합니다무료거부
2020,광고올해이것알고매달백만원된다어떻게확인httpstrimhov무료거부
2020,한국경제TV이헌상황금투자함께진행하는정확한투자알아보기▼volammSg
2020,한분한분찾아뵙지못해양해부탁드립니다축하해주세요초대장natoryT
2020,편법대출진행해드립니다최대만원금융대출승인kakao톡ru
2020,광고내집마련목표함께이루어드립니다linkktZSL회원후기무료거부
2020,모바일pc로집차사는법초보자도쉽게자세히알려드려요blogdaumnetdk
2020,어수선한요즘나만의노후대비하는법blogdaumnetmy
2020,광고올해이것알고매월천만원벌었습니다httptrimTPA무료거부
2020,광고proto회환급회답지httppfkakaocomqVWlxb무료거부
2020,광고임승희님무경차트정팀장입니다httpsckrduvc확인무료거부
2020,광고울산스웨디시No미스띠꼬실시간라인업바로가기httpscafenavercommmmmm
2020,광고내집마련별거아니야httpsbitlyBHbE너도할수있어무료거부
2020,스마일카드승인윤정원일시불GSSHOP누적원적립
2020,광고네이버모임밴드로당신을초대합니다httpbandhscomffqer무료거부
2020,광고소중한당신자산아무에게나맡길건가요httpslrlkrjPMqb무료거부
2020,회원님놀라운결과로도움드릴게요httpsvolahGN
2020,광고공매도금지주식시장은끝마진거래로시작bitlyTENtF무료거부인증
2020,한국경제TV안인기대표의순수익원금보장상품▶volaIDJ
2020,광고매주만들기안내httpiorkrrzX무료거부인증번호
2020,lkⓕrcom신규oooo충o루o컴프
2020,광고긴급강랜폐장안전▼장소만CAZ노bvc□m무료거부
2020,광고오델로제일모직맞춤벌만원wwwothellocokr부평점오픈무료거부
2020,광고자녀들앞에서듬직해지자bitlyTGxBCn무료거부
2020,광고최women음Vi원agravimax확대천dragon연wwwbitlyTOLaOX무료거부
2020,시도가없으면변화도없습니다리스크x손해그만자세한문의voladnWY
2020,시도가없으면변화도없습니다리스크x손해그만자세한문의voladnWY
2020,광고부자들이말하는성공을부르는습관▼클릭httpsbitlyaKSyl무료거부
2020,집에서시간금일만▼상담요청▼httpsbitlyTEuRVM
2020,시도가없으면변화도없습니다리스크x손해그만자세한문의voladnWY
2020,★대한저축은행고객감사이벤트★지인소개후대출승인시금액대별상품권증정
2020,광고httpbitlykresJhU분마다씩가져가기무료수신거부인증번호
2020,광고httpbitlykresJhU분마다씩가져가기무료수신거부인증번호
2020,광고SPRT만원배만원회▼httpbitdofyQDJ무료거부
2020,광고SPRT만원배만원회▼httpbitdofyQDJ무료거부
2020,광고바이크레비온라인몰OPEN일간전품목할인wwwbycrebycom무료거부FW
2020,광고ㄲ포드egmⓑccomㅗ인립★CdeGoodㅇ트니　다무료수신거부
2020,광고대박금일단기배부업만httpsurlkrsGvgiw무료거부
2020,광고httpbitlykresJhU분마다씩가져가기무료수신거부인증번호
2020,광고ㄲ포드egmⓑccomㅗ인립★CdeGoodㅇ트니　다무료수신거부
2020,주식비공개작전주내부자료공개http작전주카톡방com입장무료거부
2020,주식미공개작전주내부자료공개입▼장▼재무설계kr무료거부
2020,이젠웃으며사셔야죠전만으로웃음꽃피었어요httpsbandggdabinbandhtml
2020,광고♠SANDS♠OCO즉시드림sⓐnzi⑤com♠우리계열♠무료수신거부
2020,광고내집마련별거아니야httpsbitlyBHbE너도할수있어무료거부
2020,광고httpbitlykresJhU분마다씩가져가기무료수신거부인증번호
2020,광고♠가입♣CUPON♣KnG♠우리♠TDⓧCom무료거부
2020,광고프로토배당첨자방법은밑에링크로httpcozjprx무료거부
2020,스마트부업위휴대폰으로용돈벌이OK일평균만체험무료cozjpjP
2020,식봄광고만원할인받고만원또할인bitlyQCMO※무료수신거부
2020,주식미공개작전주내부자료공개입▼장▼재무설계kr무료거부
2020,코스닥선붕괴상승특이점이온신종목확실한안정성과수익률▷bitlyxilbaO
2020,광고woori이팀♥thekingcags③③ⓢcomp무료거부
2020,광고ⓟXⓧⓧcomSANDSCAwoori쏭♡무료거부
2020,광고아무기대없이소소한재미PLAY스토어대항마써치육마넌드림요무료거부
2020,광고n€uritel깊숙히쑤셔주면분수쇼가발사되요무료거부
2020,광고언제까지월급으로만생활할건가요httpbitlyplaem무료수신거부
2020,광고동행복권일만배월만▼▼▼httpshangleEZ무료거부
2020,광고위메프쉿너만줄게★장바구니할인wemakepricecomsmsrVMO무료거부
2020,광고동행복권일만배월만▼▼▼httpshangleEZ무료거부
2020,뽀드림마아감캉턱wⓑ④
2020,광고밴드초대장bitlyVYhdw무료거부인증
2020,광고밴드초대장bitlyVYhdw무료거부인증
2020,광고부자들이말하는성공을부르는습관▼클릭httpsbitlyaKSyl무료거부
2020,광고위메프쉿너만줄게★장바구니할인wemakepricecomsmsrVMO무료거부
2020,광고알고계세요어떻게여유로운생활을하는지httpslrlkrjPMqb무료거부
2020,광고CAGiN♤♥해♬택발급공휴일평일muc♥M무료거부
2020,광고CAGiN♤♥해♬택발급공휴일평일muc♥M무료거부
2020,광고밴드초대장bitlyVYhdw무료거부인증
2020,광고소중한자산아무한테나맡길까요httpclickglfiwV☜무료거부
2020,광고BAND확인후문의주세요bandsonatacomr무료거부
2020,광고장받으신거로편히오셔서만다빼세요라지니me무료거부
2020,광고알고계세요리스크X직접확인하세요httpslrlkrjPMqb무료거부
2020,광고no코인★봄봄봄행사로그인만입금출석쿱cypcОm무료거부
2020,디테일한관리를통한매일이익↓밴드확인▶에서만이상◀httpbandusio
2020,임해규선의원되면과학고유치로교육도시부천httpbitlykrSZxpV거부
2020,광고우♠가입리♣cupon계♥KnG통♣담당♣TDⓧcom무료거부
2020,세기☞튤립열풍년☞빗코인광풍년☞▼정답확인▼기회발견com
2020,광고요즘같은시기지원금받고자산관리하자httpsrbgyjoai무료수신거부
2020,구글에서님께만원보냈습니다로그인후사용가능희노애락kr
2020,광고녹두장군코로나대장주포착제이엠아이발표임박단기목표천원무료거부
2020,어려운시기에자택과차를마련할가장빠른방법httpreurlkrEFVL
2020,주식비공개작전주내부자료공개http작전주카톡방com입장무료거부
2020,광고밴드초대장bitlyTWMYl무료거부인증
2020,모르셨나요실현가능통장잔고쌓기간단한투자방법투자대비rorkrrmp
2020,광고오샌즈카우리쁜ⓣⓢ⑥Ccom이선팀♥최강벤P무료거부
2020,광고밴드초대장bitlyTWMYl무료거부인증
2020,폰개통점입니다월요금만이상쓰면갤고옹쫘원하신담문자에희망남기셔요
2020,광고밴드초대장bitlyTWMYl무료거부인증
2020,폰개통점입니다월요금만이상쓰면갤고옹쫘원하신담문자에희망남기셔요
2020,불안정한증시에얼어붙은주식대안은실시간투자상담하기ㅡhttpbitdofyia
2020,광고주ㅡ식그만두고매달백만원벌었다어떻게httpstrimxcvr무료거부
2020,새롭게떠오르는투자방식으로하루시간만에까지보장bitlyTGKhZH
2020,광고BSI공시일정확정수익reurlkrETR참여무료거부
2020,광고새맴뒤에서잘해줘무료거부
2020,광고녹두장군코로나대장주포착제이엠아이발표임박단기목표천원무료거부
2020,오피스텔태쿡장러쒸아l장한국장술or노래Eㅐ국ㅇ만오후시부터새벽시
2020,다섯장바로환kt카ka오믈브일야챔스파볼박하라룰렛바로환노충전kt카ka오M
2020,광고정통카진호센즈우리라인szⓐcom∞∞쿠폰무료거부
2020,심재현입니다♥KTcs♥브리지텍시장무섭죠둘중하나만하세요주식을접던가저랑하던가
2020,광고와우대리님적립금회만원회부터천원무료거부
2020,광고사람들이말하는성공을부르는습관▼클릭httpsbitlyBHbE무료거부
2020,노충바로환되는다섯짱ktkt카kaa오일야챔스속는셈치고연락줘보세요진짜니까
2020,광고코인월드태양점무료만지급출가능무료리딩방운영ka톡BTC무료거부
2020,광고입금까지책임질께요두눈으로직접모니터링까지httpshanglgUHe무료거부
2020,광고bitlyPfg박주아BAND초대상위정보무료거부인증
2020,광고bitlyPfg박주아BAND초대상위정보무료거부인증
2020,광고☎님한잔후운전대행무료거부
2020,가지코스언닝쵸ESGangnam챠꺄지콜llHome▼httpbitly구경하깅
2020,어려운시기에자택과차를마련할가장빠른방법httpreurlkrEFVL
2020,광고NEVER밴드로초대합니다httpsisgdoBQ무료수신거부
2020,네이버인증번호를입력해주세요
2020,빠르고신선한배송당일새벽배송주문하신식단이고객님집앞에도착하였습니다
2020,광고NH농협일고객님은연천만원까지년간사용가능무료거부
2020,광고빠른융통일수월변오벡천가능캬BA열무료거부
2020,김미애님자동이체신청이완료되엇습니다회분원결제되었습니다감사합니다
2020,증시폭락장대비신저가정책종목제공openkakaocomogBavb무료자료배포중
2020,증시폭락장대비신저가정책종목제공openkakaocomoghAczjb무료자료배포중
2020,광고작대승인카톡gch무료거부
2020,광고소중한자산아무한테나맡길까요httpsisgdXawHH☜무료거부
2020,한투조상현님현금매수체결삼성전자주원
2020,광고밴드초대장bitlyTWMYl무료거부인증
2020,광고소중한자산아무한테나맡길까요httpsisgdXawHH☜무료거부
2020,광고하향세의주식시장httptrim이제그만두세요무료수신거부
2020,광고집에서시간금일만▼상담요청▼reurlkrEAK무료거부
2020,증시폭락하한가위험종목주의openkakaocomogaWyjb무료자료배포중
2020,증시폭락하한가위험종목주의openkakaocomogfUCyjb무료자료배포중
2020,광고시드환급보장해요두눈으로함께모니터링httpnatoruc무료거부
2020,철저한청결위생관리로잘모시겠습니다신상입고되엇습니다고객감사이벤트진행중로렉스
2020,광고이투자로인해빚다갚았습니다wwwbandnanumnetyun무료거부
2020,광고토니모리♥월빅세일♥세일할때가됐나봄새봄맞이최대무료수신거부
2020,광고토니모리♥월빅세일♥세일할때가됐나봄새봄맞이최대무료수신거부
2020,광고왜아직몰라요행복의지름길httpslrlkrjPMqb무료거부
2020,기회를찾고계신가요누구나통장에억만들수있습니다개인전문가배정▼▼▼rorkrrmp
2020,OOlOOO원자택k투z잡주근무카툭추가XX
2020,무너질때로무너진주식시장다시되찾을제테크안인기대표와함께▶bitlyTHSjt
2020,광고왜아직몰라요행복의지름길httpslrlkrjPMqb무료거부
2020,광고더이상출근안합니다탈출구마련httptrimhappylife무료수신거부
2020,YTN나온부업httpsbanduskrcom
2020,이거로집과차를구매했습니다httpreurlkrEADO
2020,광고년동안몇억이것부터했다httpstrimocIW무료거부
2020,녹두장군제이엠아이WHO팬데믹발표선언전세계진단키트수요폭발목표가천원으로상향
2020,한국경제TV확실한투자한동훈안전확신상품하루순수익▼참여hanglNFJrl
2020,광고증권가폭락손절모멘텀마진거래로대박bitlyTENtF무료거부인증
2020,하루평균만새로운부업년월추가회원모집httpsbandggbandhtml
2020,광고BS로또주연속상박l등번호httpbslottoshop마이페이지확인무료거부
2020,성공의비결공개합니다httpscuttlytsAbL
2020,녹두장군제이엠아이WHO팬데믹발표선언전세계진단키트수요폭발목표가천원으로상향
2020,성공의비결공개합니다httpscuttlytsAbL
2020,광고윤원채초청손익손해Xhttpidokraej당일oo만실현무료거부
2020,광고홈플러스영등포시호안경함께하는SEEHO테최대아큐브무료거부
2020,광고매주만들기안내httpiorkrkiz무료거부인증번호
2020,녹두장군제이엠아이WHO팬데믹발표선언전세계진단키트수요폭발목표가천원으로상향
2020,로진행되는원도손실없는재태크손해그만자세한문의volargwO
2020,광고돈많은사람들은다이거한다더라구요bitlyaNeMmr무료거부인증
2020,녹두장군제이엠아이WHO팬데믹발표선언전세계진단키트수요폭발목표가천원으로상향
2020,고민할시간에지금까지만원벌엇네요밴드참고banduskrcom
2020,녹두장군제이엠아이WHO팬데믹발표선언전세계진단키트수요폭발목표가천원으로상향
2020,광고코로나여파로본인계좌이상인분openkakaocomogyobzRNb무료거부
2020,광고코로나여파로본인계좌이상인분openkakaocomogyobzRNb무료거부
2020,녹두장군제이엠아이WHO팬데믹발표선언전세계진단키트수요폭발목표가천원으로상향
2020,광고자택의인터넷TV교체상당드림무료거부번호인증번호
2020,녹두장군제이엠아이WHO팬데믹발표선언전세계진단키트수요폭발목표가천원으로상향
2020,밴드초대httpscuttlyatsJTCM
2020,삼성전자석달만에장중주가만원선붕괴대체방법공개httpsvoladjQ
2020,한국경제TV투자의진수투자전문가백진수의실속있는투자정보클릭▼volaspIS
2020,투광고이경옥님금일최고상품입니다httpstuneykrANmouQ확인무료거부
2020,삼성전자석달만에장중주가만원선붕괴대체방법공개httpsvoladjQ
2020,광고하루삼십만들기한장으로가능reurlkrESX무료거부인증번호
2020,광고부자들의습관고객님도할수있습니다▷httpsisgdqAwUlk◁무료거부
2020,환율차익외환시장당일수익▼▼▼httpvipkakaocom
2020,광고코로나여파로본인계좌이상인분openkakaocomogyobzRNb무료거부
2020,광고♥３♥선착순WOORTHE킹신가모규족집ⓗKV３com무료거부
2020,광고소중한자산아무한테나맡길까요httpslrlkrjPMqb무료거부
2020,광고♥３♥선착순WOORTHE킹신가모규족집ⓗKV３com무료거부
2020,광고♥３♥선착순WOORTHE킹신가모규족집ⓗKV３com무료거부
2020,광고♥３♥선착순WOORTHE킹신가모규족집ⓗKV３com무료거부
2020,광고이상황에고민만하고있다구요앞서가는길httpsbitlyaKSyl무료거부
2020,광고♥♥선착순WOORTHE킹신가모규족집ｈKV３com무료거부
2020,The♠KingⓔⓙsM
2020,이것저것마니마니시Do때도없이탠트침httppdgogobkr
2020,광고FX시티합법마진거래가fxcity입↑카톡시만무료거부
2020,광고집에서손맛보세요☞원☞무료쿠폰하나미한국무료거부
2020,광고우♠가입리♣cupon계♥KNG통♣담당♣kksⓢCom무료거부
2020,광고u안전유흠b남자만이융T유흠모음집urlbitlyclffl무료거부
2020,녹두장군제이엠아이WHO팬데믹발표선언전세계진단키트수요폭발목표가천원으로상향
2020,광고소중한자산아무한테나맡길까요httpclickgliCXBSd무료거부
2020,광고국내처음비계바다매장설치직접pc에서즐겨보세요rbada무료거부
2020,광고THEKingwoori이팀♥ⓒasiⓝogw⑦Rcom무료거부
2020,광고◆BaKaRA◆해☏택발급입금더드림sas〈OM무료거부
2020,녹두장군제이엠아이WHO팬데믹발표선언전세계진단키트수요폭발목표가천원으로상향
2020,녹두장군제이엠아이WHO팬데믹발표선언전세계진단키트수요폭발목표가천원으로상향
2020,비아그라김부장입니다가격할인신제품
2020,녹두장군제이엠아이WHO팬데믹발표선언전세계진단키트수요폭발목표가천원으로상향
2020,YTN나온부업해결책을제시한다httpsbanduskrcom
2020,광고u안전유흠b남자만이융T유흠모음집urlbitlyclffl무료거부
2020,어려운때에활로가되어줄정보듣고만가셔도됩니다httpscuttlyNtsAdLf망설이지마세요
2020,광고송과장♥SANDscaWoori⒫ea⑨ucom무료거부
2020,CA신SI규NO∋만바로지급♥Secret♥ⓓⓒⓒdCom
2020,녹두장군제이엠아이WHO팬데믹발표선언전세계진단키트수요폭발목표가천원으로상향
2020,광고p안전유흠o남자만이융R유흠모음집urlbitlytkckd무료거부
2020,녹두장군제이엠아이WHO팬데믹발표선언전세계진단키트수요폭발목표가천원으로상향
2020,혼란속에서도살아남은안전한투자법안전하게자금난극복bitdohones
2020,광고우♠가입리♣cupon계♥KNG통♣담당♣kKsⓢcOM무료거부
2020,녹두장군제이엠아이WHO팬데믹발표선언전세계진단키트수요폭발목표가천원으로상향
2020,선택김정기미래통합당경선전외교부상하이총영사수신거부
2020,광고httpprestoinvestcom월최소천이상수익신규회원이벤트무료거부
2020,코스피선붕괴임박상승특이점이온신종목기적의소득창출▷bitlywKUlrH
2020,은퇴퇴직노후준비이거하나면됩니다httpscuttlyVtsLuc함께하지않겠습니까
2020,광고LIVE정보넷금일적중확인하기httpsmuzsoarich무료거부
2020,녹두장군제이엠아이WHO팬데믹발표선언전세계진단키트수요폭발목표가천원으로상향
2020,광고u안전유흠b남자만이융T유흠모음집urlbitlyclffl무료거부
2020,광고이것으로연이은하락장극복확인httpstrimfd무료거부
2020,도착↓↓↓↓오래된재테크회사손실복구리딩실현httpsurlkrZDuUs
2020,광고bitlydMI혁신적인재테크투자상담무료거부인증
2020,광고사장님힘내요원방문즉시만출금rona〈OM무료거부FW
2020,내이름으로내집만든방법윤후맘의성공노하우초대합니다bandusinbandhtml
2020,하루커피값가지고기본만집에서하는초간단재테크▼httpbandusam
2020,광고우♠가입리♣cupon계♥KNG통♣담당♣kKsⓢcOM무료거부
2020,광고이것알면돈걱정안하고살수있다어떻해httptrimCGV무료거부
2020,광고♥SANDS♥발급WOORCAZNONEW가족행사ⓕHＫ７com무료수신거부
2020,광고국내최대우ㄹCASNknⓖcomOO증정무료거부M
2020,광고노후정보들총정리이것알면전문가httpshanglbKC무료수신거부
2020,광고성공하고싶어야너두할수있어▼클릭httpsbitlyLbJKi무료거부
2020,광고성공하고싶어야너두할수있어▼클릭httpsbitlyLbJKi무료거부
2020,광고국내최대우ㄹCASNsnⓐcomOO증정무료거부
2020,광고만받으신거로지금오셔서만다빼세요아르니me무료거부
2020,광고정통카진호센즈우리라인seⓩcom∞∞쿠폰무료거부
2020,챠클럽맛싸지래킹스룸선택시간☎Home▼httpbitly구경하세요
2020,U고객센터앱본인확인을위해인증번호를입력해주세요
2020,혼돈속에서도목돈마련중정확하고확실한방법은여기서확인bitdohomesbands
2020,커피한잔으로내집마련까지상승선착순참여확인volaAZrm
2020,광고피트니스ROOMTENCAFEbitly손예진상무무료수신거부
2020,광고VIP로모심선팀♥SandsCaWooriKⓑ⑥⑤ccomP무료수신거부
2020,광고와우대리님적립금회만점회부터천점무료거부
2020,광고와우대리님적립금회만점회부터천점무료거부
2020,불경기정신없는세상증시폭락영향여기상승중일만bitdoband
2020,사하갑새도약새인물큰인물선택전대국회의원이종혁무료수신거부
2020,태꾹장러쒸아l장한국장술or노래Eㅐ국ㅇ만오후시부터새벽시
2020,광고와우대리님적립금회만점회부터천점무료거부
2020,광고로젠택배cgvcom신입빨카특우대쥐오만빵노무료거부
2020,옆집광석이네광석이엄마집안에서목돈불리는중나만모르는방법늦기전에bitdorozeus
2020,광고로젠택배cgvcom신입빨카특우대쥐오만빵노무료거부
2020,광고로젠택배cgvcom신입빨카특우대쥐오만빵노무료거부
2020,광고하이대리님적립금처음만점추가매번카현원무료거부
2020,광고와우대리님적립금회만점회부터천점무료거부
2020,광고밴드초대장bitlyvYzhI무료거부인증
2020,광고귀중한자산아무한테나맡기실건가요httpclickgliCXBSd무료거부
2020,먹투l폴리스NEW골드MONEYUP체mtplice확인바람
2020,광고코시따받아줄준비ok무료거부
2020,국민GAME무료꽁먼먼입사입사상개근상김치웹한국
2020,광고로젠택배cgvcom신입빨카특우대쥐오만빵노무료거부
2020,광고클린켄틴과함께코로나이겨내기년에딱한번최대행사httpshanglnRtU
2020,커피한잔으로내집마련까지상승선착순참여확인volaAZrm
2020,광고와우대리님적립금회만점회부터천점무료거부
2020,광고NEVER밴드로초대합니다httpsisgdBuumvA무료수신거부
2020,★㉸★칠★N★첫○★신규만만WKCOM뉴스웹한국
2020,광고와우대리님적립금회만점회부터천점무료거부
2020,삼성카드해외원화거래차단신청은홈페이지·앱·대표전화를통해가능
2020,AXA담당자이영수입니다내선번이영수무료거부
2020,광고더블케이짐D최저가할인▼자세한내용▼httpsurlkrzdeVL무료거부
2020,미국진단킷지원요청일평균상승률openkakaocomogLmb저가매집진단킷관련주
2020,미국진단킷지원요청일평균상승률openkakaocomogLmb저가매집진단킷관련주
2020,미국일평균확진만명최소상승기대진단킷저가매집주openkakaocomogBHXmb
2020,우리은행김경님대출금원에대한이자금액은원입니다
2020,부업성공신화언론화제의재테크일최소득선착명알려드립니다vvdbzepb클릭
2020,조아영님이번생은이것으로여유로운삶을찾았습니다httpstinyurlcomrsvfc
2020,광고집에서분한달에천부업navercafekr네이버공식카페무료거부
2020,부업성공신화언론화제의재테크일최소득선착명알려드립니다vvdbzepb클릭
2020,부업성공신화언론화제의재테크일최소득선착명알려드립니다vvdbzepb클릭
2020,광고이명진님잠자고있는현금수령하기bandkrruri무료거부
2020,언론보도재테크선착순명특별상품이익마감일전httpscuttlytRYrM
2020,광고자가주택은꿈httpsbitlydvfu야너두할수있어무료거부
2020,광고플러스초대방위기는곧기회다httpbitlykrlkqgCtjW무료거부
2020,광고세김아진씨반년만에삼천모은과정httptrimtlqm무료거부
2020,광고리스크X미래계획세우세요눈으로확인하세요httpshanglyFid무료거부
2020,듀광고금일상품안내이승민팀장입니다httpshoykrpiLr무료거부
2020,광고httpsbitlyUxbKfP번터치로씩벌기무료수신거부인증번호
2020,광고리스크X미래계획세우세요눈으로확인하세요httpshanglyFid무료거부
2020,오늘오후시까지명만드리는특별한상품지원금보장상품httpsvolavoBA
2020,한국경제에서알려주는상승단타급등주▶wagliYy
2020,한국경제에서알려주는상승단타급등주▶wagliYy
2020,광고로또리치lottorichcomlsb올해만등조합배출회성공무료거부
2020,광고저는이것으로제차와제집이생겼어요ㄱ회httpsbitlyWShrrp무료거부
2020,한국경제에서알려주는상승단타급등주▶wagliYy
2020,광고금천쉽고빠른누구나가능한도상담가능무료거부
2020,광고점심먹고남는시간에조금씩해서돈벌고있어요httpnatougz무료거부
2020,분마다실현httpsurlkrLfeCt
2020,김민규회원님정말도움필요하신분반드시도움드리겠습니다httpsvolaJPxf
2020,광고드림삼성갤럭시S출시기념특가한정수량대성함만남겨주세요무료수신거부
2020,분마다실현httpsurlkrLfeCt
2020,힘든시간같이이겨내봐요httpxcokrSDSDA
2020,광고반월당서한전세대남향지하철m평억후반무료거부인증
2020,광고저는이방법으로차와집을삿어요httpreurlkrAFEUD무료거부
2020,분마다실현httpsurlkrLfeCt
2020,광고FX희망클럽금일대박행진서둘러확인httpiorkrtXz무료거부
2020,광고콩축적금환처리dnlⓢg⑧netIDjwsB무료수신거부
2020,광고정찬혁님DH손익해결수잌금지급완료httpsbitlyUpSmlX무료거부
2020,재택근무당일실현순이익만원httpbandhjcomC
2020,안녕하세여분상담으로큰변화를만듭니다당일프로httpclickglQOjKW참여
2020,lI만원TWO잡주일카툭문의AA
2020,광고한푸름플래너입니다naverbandcomsm무료거부
2020,평범했던나의일상이이것을만나바쁜삶이시작다▼보기idokruQW
2020,평범했던나의일상이이것을만나바쁜삶이시작다▼보기idokruQW
2020,광고스마트하게자산운영하는방법궁금해httpsbitlydDePnp무료거부
2020,fx외환거래시간투자단기재테크일회리딩제공달콤한이벤진행중fx시티리코점문의rico
2020,미◆션점검완료탁농중국LOL어서오세요
2020,광고헬요일힘내세요출환전
2020,광고자가주택은꿈httpsbitlydvfu야너두할수있어무료거부
2020,lI만원TWO잡주일카툭문의AA
2020,포기하지않았다면도전합시다새로운인생참여하기httpsvolahNmo▲참여하기▲
2020,광고무료수신거부
2020,광고메리구me♣가입♣lO만♣놀고나서♣환전무료거부
2020,광고나비통신인터넷방송TV교체현영화엘지SKKT무료거부
2020,갤럭시z폴드선착순특가구매dokdoinRs무료거부
2020,갤럭시z폴드선착순특가구매dokdoinRs무료거부
2020,갤럭시z폴드선착순특가구매dokdoinRs무료거부
2020,갤럭시z폴드선착순특가구매dokdoinRs무료거부
2020,갤럭시z폴드선착순특가구매dokdoinRs무료거부
2020,갤럭시z폴드선착순특가구매dokdoinRs무료거부
2020,갤럭시z폴드선착순특가구매dokdoinRs무료거부
2020,갤럭시z폴드선착순특가구매dokdoinRs무료거부
2020,갤럭시z폴드선착순특가구매dokdoinRs무료거부
2020,갤럭시z폴드선착순특가구매dokdoinRs무료거부
2020,갤럭시z폴드선착순특가구매dokdoinRs무료거부
2020,갤럭시z폴드선착순특가구매dokdoinRs무료거부
2020,갤럭시z폴드선착순특가구매dokdoinRs무료거부
2020,갤럭시z폴드선착순특가구매dokdoinRs무료거부
2020,갤럭시z폴드선착순특가구매dokdoinRs무료거부
2020,갤럭시z폴드선착순특가구매dokdoinRs무료거부
2020,갤럭시z폴드선착순특가구매dokdoinRs무료거부
2020,갤럭시z폴드선착순특가구매dokdoinRs무료거부
2020,갤럭시z폴드선착순특가구매dokdoinRs무료거부
2020,갤럭시z폴드선착순특가구매dokdoinRs무료거부
2020,갤럭시z폴드선착순특가구매dokdoinRs무료거부
2020,갤럭시z폴드선착순특가구매dokdoinRs무료거부
2020,갤럭시z폴드선착순특가구매dokdoinRs무료거부
2020,갤럭시z폴드선착순특가구매dokdoinRs무료거부
2020,갤럭시z폴드선착순특가구매dokdoinRs무료거부
2020,갤럭시z폴드선착순특가구매dokdoinRs무료거부
2020,갤럭시z폴드선착순특가구매dokdoinRs무료거부
2020,갤럭시z폴드선착순특가구매dokdoinRs무료거부
2020,갤럭시z폴드선착순특가구매dokdoinRs무료거부
2020,갤럭시z폴드선착순특가구매dokdoinRs무료거부
2020,갤럭시z폴드선착순특가구매dokdoinRs무료거부
2020,갤럭시z폴드선착순특가구매dokdoinRs무료거부
2020,갤럭시z폴드선착순특가구매dokdoinRs무료거부
2020,갤럭시z폴드선착순특가구매dokdoinRs무료거부
2020,갤럭시z폴드선착순특가구매dokdoinRs무료거부
2020,갤럭시z폴드선착순특가구매dokdoinRs무료거부
2020,갤럭시z폴드선착순특가구매dokdoinRs무료거부
2020,갤럭시z폴드선착순특가구매dokdoinRs무료거부
2020,갤럭시z폴드선착순특가구매dokdoinRs무료거부
2020,갤럭시z폴드선착순특가구매dokdoinRs무료거부
2020,갤럭시z폴드선착순특가구매dokdoinRs무료거부
2020,갤럭시z폴드선착순특가구매dokdoinRs무료거부
2020,갤럭시z폴드선착순특가구매dokdoinRs무료거부
2020,갤럭시z폴드선착순특가구매dokdoinRs무료거부
2020,갤럭시z폴드선착순특가구매dokdoinRs무료거부
2020,갤럭시z폴드선착순특가구매dokdoinRs무료거부
2020,갤럭시z폴드선착순특가구매dokdoinRs무료거부
2020,갤럭시z폴드선착순특가구매dokdoinRs무료거부
2020,광고오늘지급확인하시고오십하고출이요리드티me무료거부
2020,광고로또리치lottorichcomlsb올해만등조합배출회성공무료거부
2020,입금원잔액원호신영훈기업
2020,안정적으로효율적으로도와드리는ELS재무설계cuttusuisbH
2020,퍄워볼로튜스유츌픽백프로있습니다캬아톡FW
2020,안녕하세요블로그포스팅의뢰차연락드립니다진행요청드릴수있을까요
2020,광고당일입금되는하루벌이clickgliznL무료거부
2020,S
2020,광고httpstrimgFpW악순환끝제의인생살기매월만원무료거부
2020,이학재캠프성명김교흥후보고속도로일반화참과거짓httpsckrean거부
2020,소액한도현금화미납금없으면만가능서류x분이면OK카톡skyq
2020,광고FX주가파악완료맞춤플랜고급차트제공newsotWZ무료거부
2020,광고♥회원♥만우리더낑카찌너♥Tⓔxcom무료거부
2020,광고우리결혼해요월일httplcojpqhz무료거부
2020,광고우리♥계열등록후발급쿠☏폰☎평주tbj〈OM무료거부FW
2020,광고★cAJN서비스쿠폰발급♥신규장♥추가uxac♧m무료거부FW
2020,광고분마다씩가져오기httpsbitlyUxbKfP무료수신거부인증번호
2020,광고삼분이내입금완료o정도본인명의핸드폰이면ok카카오se무료거부
2020,광고♥회원♥만우리더낑카찌너♥tⓔxcom무료거부
2020,앱주문X쿠폰포장할인중복X주문시문자받았다고말씀주세요무료수신거부
2020,하루가달라지고미래가달라지는노하우가득한효율적인종합설계cuttusFYy
2020,광고드림삼성갤럭시S월말특가행사한정수량대성함만남겨주세요무료수신거부
2020,한샘년월일광고수신에동의함수신동의철회무료전화
2020,개인통관고유부호본인확인인증번호를화면에입력해주세요
2020,안정적으로효율적으로도와드리는ELS재무설계cuttusuisbH
2020,오늘오후시까지명만드리는특별한상품지원금보장상품▶httpsvolahEy
2020,광고오늘의소식재택크이상의승리bitlyQVu무료거부
2020,광고구글★게임오만포보냄곧소멸될예정해리net
2020,G요청하신고객님의비밀번호변경인증키는GBGH입니다
2020,나를위한정보밴드초대장입니다httpreurlkrAWI
2020,광고우리♥계열등록후발급쿠☏폰☎평주tbj〈OM무료거부
2020,광고쿠☏폰원mosa〈OM무료거부
2020,갤럭시z폴드선착순특가구매dokdoinRs무료거부
2020,갤럭시z폴드선착순특가구매dokdoinRs무료거부
2020,갤럭시z폴드선착순특가구매dokdoinRs무료거부
2020,갤럭시z폴드선착순특가구매dokdoinRs무료거부
2020,갤럭시z폴드선착순특가구매dokdoinRs무료거부
2020,갤럭시z폴드선착순특가구매dokdoinRs무료거부
2020,갤럭시z폴드선착순특가구매dokdoinRs무료거부
2020,갤럭시z폴드선착순특가구매dokdoinRs무료거부
2020,갤럭시z폴드선착순특가구매dokdoinRs무료거부
2020,갤럭시z폴드선착순특가구매dokdoinRs무료거부
2020,갤럭시z폴드선착순특가구매dokdoinRs무료거부
2020,갤럭시z폴드선착순특가구매dokdoinRs무료거부
2020,갤럭시z폴드선착순특가구매dokdoinRs무료거부
2020,갤럭시z폴드선착순특가구매dokdoinRs무료거부
2020,갤럭시z폴드선착순특가구매dokdoinRs무료거부
2020,갤럭시z폴드선착순특가구매dokdoinRs무료거부
2020,갤럭시z폴드선착순특가구매dokdoinRs무료거부
2020,갤럭시z폴드선착순특가구매dokdoinRs무료거부
2020,갤럭시z폴드선착순특가구매dokdoinRs무료거부
2020,갤럭시z폴드선착순특가구매dokdoinRs무료거부
2020,갤럭시z폴드선착순특가구매dokdoinRs무료거부
2020,갤럭시z폴드선착순특가구매dokdoinRs무료거부
2020,갤럭시z폴드선착순특가구매dokdoinRs무료거부
2020,갤럭시z폴드선착순특가구매dokdoinRs무료거부
2020,pay구글입니다님께만원넣어놨습니다배로뿔려가세요묘수kr
2020,광고프랑스SOMETIME이사비먄ㅃㅇㅌ무족건홚전꺠툐옥SM무료거부
2020,광고자산어떻게관리하세요확실보장김세은httpclickglYAvmq무료거부
2020,광고쿠☏폰원mosa〈OM무료거부
2020,광고♬Cash전용♬성인전용방문￦현큼찌급깡치한국무료거부
2020,광고♬Cash전용♬성인전용방문￦현큼찌급깡치한국무료거부
2020,광고♬Cash전용♬성인전용방문￦현큼찌급깡치한국무료거부
2020,광고드림삼성갤럭시S월말특가행사한정수량대성함만남겨주세요무료수신거부
2020,신한출금잔액신한카드월카
2020,광고YAMＡT오시면sＰ선짱도많이나오고잇음fcuＣㅇm무료수신거부
2020,pay구글입니다님께만원넣어놨습니다배로뿔려가세요묘수kr
2020,광고지급코드urlkrqnjklT혹시모르잖아요무료수신거부
2020,광고년의성공노하우공개bandnnockrmjK무료거부
2020,광고금일한정무료httplinksoJ무료거부
2020,광고특허청등록RTS매매시스템무료체험신청isgdNAFOjT무료거부FW
2020,안정적으로효율적으로도와드리는ELS재무설계cuttusuisbH
2020,광고드림삼성갤럭시S월말특가행사한정수량대성함만남겨주세요무료수신거부
2020,광고자산어떻게관리하세요확실보장김세은httpclickglYAvmq무료거부
2020,日원실현백상훈님께서도가능하십니다▼확인▼편법수익기대돼com
2020,서민금융진흥원회원가입이완료되었습니다
2020,광고이걸로생계비도움받았어요httpnatoucK무료거부
2020,폰개통점입니다월요금만이상쓰면노트S공쫘희망하시묜원함남기십쇼
2020,광고편안한대리님⊙매번적립⊙또만원추가무료거부
2020,op타이장러시아장한국장ㅇ장Eㅐ국
2020,op타이장러시아장한국장ㅇ장Eㅐ국
2020,가입먼꽁등교일만만근상씹먼꽁유럽웹한국
2020,광고★억달러입찰★조천억초대박입찰종목바로바로공개무료거부
2020,광고므티놀랄일아직많아무료거부
2020,광고jms금멍가게무료수신거부
2020,광고리l찌하얀속살에안겨보실래요♡♡♡무료수신거부
2020,광고보라혹시날안고싶은데망설이는건아니죠수신거부
2020,현대해상계좌로입금하실금액은원입니다다이렉트홈페이지
2020,신규되면출도가능ㅁㅋㅇ현장라이브중계spwcomFW
2020,마카롱택시인증번호을입력해주세요pSHjREIcPQ
2020,광고드림삼성갤럭시S월말특가행사한정수량대성함만남겨주세요무료수신거부
2020,광고비전경제연구소어제하셨다면씨엠에스에듀피씨엘무료거부
2020,신한출금송민정
2020,광고★순천한양수자인★분양권상담가능합니다무료거부인증
2020,가입동의httponekeepercokrcpsecurity링크에접속하세요
2020,광고산들해한정식코로나예방을위한월휴업후월일부터영업합니다무료거부
2020,하나카드Lpay하나체크카드배송시작본인만수령가능자동사용등록
2020,광고httpshanglnhjW제택밴드무료거부
2020,윤대용총선주매짐마감남은일동안대장주로이상확실하게수익먼저후불제참여
2020,광고차로또최종모집회예상번호☞twrkrrthco무료거부인증
2020,광고산들해한정식코로나예방을위한월휴업후월일부터영업합니다무료거부
2020,광고차로또최종모집회예상번호☞twrkrrthco무료거부인증
2020,IBK투자증권고객님계좌로원은행이체입금감사합니다
2020,광고이윤지플래너입니다vvipbandcomjp무료거부
2020,남은통장잔고만불려서만원사장님되기httpsvolaJz무료거부
2020,경제부도위기떨어지는주식코인이대로괜찮으시겠습니까↓↓httpsvolaqTxE
2020,loooloo근면성실뚜v좝재택가능카툭문의aa
2020,광고키트관련주늦은선택httprorkrraBFX외환빠른전환확인무료거부
2020,광고주식접고이거로차와집을삿어요httpreurlkrBJE무료거부
2020,원래분지금분이상I알三일지소옥십대다시추웅전II에더httpkovspbkr
2020,광고저는이거로집도사고결혼도했습니다httpnatoug무료거부
2020,KB국민카드허우철님결제금액원잔여포인트리기준
2020,NICEID본인확인인증번호를입력해주세요
2020,광고구글승인정통파칭꼬만무료증정sunjangkr인증코드무료거부
2020,광고네이버BANDVIP초청장glorybandcokrss무료거부
2020,광고꼬옹시들지않아요무료거부
2020,광고한푸름플래너입니다naverbandcomsm무료거부
2020,광고드림삼성갤럭시S월말특가행사한정수량대성함만남겨주세요무료수신거부
2020,광고신규님♥모셔요THE♥킹쿠폰３장SXDQ무료거부
2020,나의돈은왜머물러있을까요확인volaLzj팩트만짚어드리겠습니다
2020,이종범님투자해서억버는거어려운거아닙니다상위만아는투자종목orekrserg
2020,광고통장에개수끝없이세어보고싶지않으세요http밴드kr강마루무료거부
2020,광고▶httptorkrug이경훈축하드립니다월프리미엄中무료거부
2020,나의돈은왜머물러있을까요문의volagSlD팩트만짚어드리겠습니다
2020,광고한가지의선택이인생을좌우합니다bitlyZXNGT무료거부
2020,광고BANDNAVER초청합니다httpsisgdPTqSL무료수신거부
2020,광고드림삼성갤럭시S월말특가행사한정수량대성함만남겨주세요무료수신거부
2020,한국경제김문석대표상승주무료추천종목확인waglexzzB
2020,광고네이버모임kr년의노하우공개무료거부
2020,광고httpsbitlyUxbKfP분에실현법무료수신거부인증번호
2020,광고부자되는투자법상담해보세요lrlkreOjrF무료거부
2020,택배파인더본인확인인증번호인증기관드림시큐리티
2020,광고키주소점시오엠좋은날펴①④ㄱㄱ스타엘오엘ㄱㄱ무료거부
2020,ＦX는분마다이익httpsurlkrdlOjtg
2020,광고장군통신인터넷TV바꿀시상당제공무료거부인증
2020,광고♥가입♥l만사토리아me♥놀고나서♥O환전무료거부
2020,광고기회를확인하세요httpsmuzsoaaG무료거부
2020,한국경제송관종대표상승주무료추천종목확인waglKSRK
2020,한국경제송관종대표상승주무료추천종목확인waglKSRK
2020,광고위메프천원할인쿠폰★오늘소멸예정wemakepricecomsmsrEWNI무료거부
2020,광고투인상품권초현금즉시지급문상소액결제카드현금화twoincokr무료거부
2020,광고투인상품권초현금즉시지급문상소액결제카드현금화twoincokr무료거부
2020,광고투인상품권초현금즉시지급문상소액결제카드현금화twoincokr무료거부
2020,광고투인상품권초현금즉시지급문상소액결제카드현금화twoincokr무료거부
2020,캐치콜님이전화하셨습니다연결통화버튼
2020,광고김형근님축하드립니다월VIP프리미엄httpnatoujY무료거부
2020,백상훈님안녕하십니까주ㅡ식접고매월만원방법있다클릭volajGaf
2020,광고우p리ⓐG①⑨Ccom계Woori계열열선팀♥Sanz무료거부
2020,광고♬Cash전용방ㅣ문￦현큼찌급헌터스kr클릭무료거부
2020,광고♬Cash전용방ㅣ문￦현큼찌급헌터스kr클릭무료거부
2020,광고♬Cash전용방ㅣ문￦현큼찌급헌터스kr클릭무료거부
2020,이지훈님무료리딩당첨되셨습니다상담받기cozjpmfhv
2020,한국경제송관종대표상승주무료추천종목확인waglSxE
2020,광고강남신동코로나로힘드시겠지만조금만더힘내세요항상응원할게요무료수신거부
2020,광고♬Cash전용방ㅣ문￦현큼찌급헌터스kr클릭무료거부
2020,광고♥회원♥만우리더낑카찌너♥czⓨCOM무료거부
2020,광고sinceCAGiN♥쿠♬폰oooohppⓒM무료거부
2020,광고♥회원♥만우리더낑카찌너♥czⓨcom무료거부
2020,신한은행지급원김민서
2020,여주아이파크단지내국공립어린이집확정실입주금만원부터선착순계약자선물김수로부장
2020,광고♥회원♥만우리더낑카찌너♥Czⓨcom무료거부
2020,퍄워볼로튜스유츌픽정답지있습니다카아톡
2020,광고♥회원♥만우리더낑카찌너♥Czⓨcom무료거부
2020,광고♥회원♥만우리더낑카찌너♥CzⓨCOM무료거부
2020,광고♥회원♥만우리더낑카찌너♥czⓨcom무료거부M
2020,광고해보지도않고판단하지마라클릭▼httpnatorzD무료거부
2020,광고♥회원♥만우리더낑카찌너♥czⓨcom무료거부
2020,RozeusHome이뤄냈습니다손실금복구경제자유한걸음앞서겠습니다cuttusRH
2020,체허엄마안까지이깨ㅌWXFW
2020,광고♥회원♥만우리더낑카찌너♥czⓨcom무료거부
2020,광고이제는주식하지마세요httpgnsio특별정보확인무료수신거부
2020,광고유명인들도찾는맛집상품권만고전kr클릭코드무료거부
2020,광고내일오전시마감라일론최대세일wwwlyloncokr무료거부인증
2020,광고bitly원비트지점개인이국제시장에서수익낼수있는방법무료거부
2020,광고백상훈님지금이순간기회입니다확인▶vcokrujR무료거부
2020,무너지는주식시장현시장에서가장안정적인종목httpspfkakaocomKMkdxbfriend확인
2020,광고BANDNEVER방문에감사합니다httpsisgduTtqC무료수신거부
2020,광고번방고래출현기재시지급reurlkrBBEU무료거부
2020,광고번방고래출현기재시지급reurlkrBBEU무료거부
2020,꽁이만드려요xcokrFIERㅋㅋㅋM
2020,삼성승인정영원일시불무악메디칼약국누적원
2020,광고BANDNEVER방문에감사합니다httpsisgduTtqC무료수신거부
2020,광고BANDNEVER방문에감사합니다httpsisgduTtqC무료수신거부
2020,광고드림서프라이즈가입하면만증정qpqp무료거부
2020,광고드림서프라이즈가입하면만증정qpqp무료거부
2020,밴드로초대합니다참여만해도인생역전꽃길함께걸어요httpreurlkrBCHJ
2020,광고지급코드urlkrHCUsW혹시모르잖아요무료수신거부
2020,잊지마세요손실복구잃지마세요원금보장정신밴드컨설팅cuttusWUx
2020,광고메디생동성짧은주말만원마감임박medicokr지원무료거부
2020,광고자영업자소상공인지원금자격확인하기httpdllkrkT무료거부
2020,광고어느날부자에게서온비밀장부clickglJHr무료거부
2020,광고대애웅지금혼자있는데무료거부
2020,광고fx상담가②만처음①실현②ⓞpenⓚakaocomosTGOAcb무료수신거부
2020,시간투자일만목표재테크외환마진거래fx시티리코점달콤한이벤트이용문의가톡rico
2020,광고♥DGJ♥해정희주아댈라아띠나니미소은아무료거부
2020,광고쿠♬폰발급poj콤무료거부
2020,우리결혼합니다청첩장rorkrunz
2020,광고대리▶정직과신용으로최선을다하겠습니다무료차단
2020,마싸G로드샵관전S홈httpsbitly행복시간콜
2020,마싸G로드샵관전S홈httpsbitly행복시간콜
2020,광고drve님회반돈마일회한돈무료거부
2020,광고drve님회반돈마일회한돈무료거부
2020,광고님대▶연락시매건리▶원싸입니다무료거부
2020,광고BANDNAVER초청합니다httpsisgdPTqSL무료수신거부
2020,광고drve님회반돈마일회한돈무료거부
2020,광고일만원초보K리딩ok확인▼httpreurlkrBBBSW무료거부
2020,일거래예약받습니다최대소액정보초중말단가변동
2020,광고동행복권구입만판매만무료▼httpshangliiIM무료거부
2020,LINE인증번호분간유효합니다JFoQLtyexga
2020,마켓컬리인증번호를입력해주세요
2020,광고담보없이낮은조건월에프로공l공담당자김수현무료거부
2020,광고숄드셀인베스트뉴지랩신고점돌파시도예상단기목표가만여유보유무료거부
2020,광고ju인베스트먼트뉴지랩신고점돌파시도예상단기목표만여유보유무료거부
2020,광고ju인베스트먼트뉴지랩신고점돌파시도예상단기목표만여유보유무료거부
2020,광고NH농협일특별금리적용연억까지년간사용가능무료거부
2020,지참서류및조건확인후내원부탁드립니다미지참시진료어려울수있습니다
2020,투더치트이시헌님에대한피해사례삭제요청을진행해주십시오TheCheatcokr
2020,광고세종에머슨cc주중무기명급매무기명인억천우선부킹가능수신거부
2020,광고CJONE★뚜레쥬르럭키박스도착열어서당첨확인▶cjkrCjpzS무료거부
2020,회원님실시간정보로한주에만백만어떻게dokdoinpON
2020,광고직장인대보험부채를한곳으로모아드림론연무료거부
2020,광고r보라미이쁜보진이랑취향따라놀아요무료거부
2020,회원님매주계좌에천만이상찍힌다면dokdoinXHl
2020,광고스윙주투자전문뉴지랩신고점돌파시도예상단기목표가만여유보유무료거부
2020,한국경제TV샤프슈터박문환고이윤성이색종목▶volaqE
2020,저도이방법으로대출금을집에서갚고있습니다httpscuttlyyszfcu
2020,광고러닝카톡채널추가이벤트명추첨상품권오만원부터httpsckremqo
2020,광고새로운방식특허청등록내계좌만원만들기담당인가기cc무료거부
2020,광고수성헤센더테라스황금역초역세권신혼부부최적지무료수신거부
2020,한명숙님의생일을허브치과온가족이축하드립니다즐거운하루되세요
2020,광고한성여행사단이틀제주도박일초특가무료거부
2020,광고스윙주투자전문뉴지랩신고점돌파시도예상단기목표가만여유보유무료거부
2020,SBS폰테크의달인스마트폰부업식재테크로매일만원씩번다면하시겠습니까xzxkrd월천보증
2020,광고숄드셀인베스트뉴지랩신고점돌파시도예상단기목표가만여유보유무료거부
2020,광고마지막발송위의분석력로또예상신청▷twrkrxopf무료거부인증
2020,만원으로만원보다안전성있는투자상담하기▼httpreurlkrACABNN
2020,광고복권구매배당배환급httpcozjp무료거부
2020,광고무직여성이렇게빌라구입했다고httpstrimDnef무료거부
2020,SBS폰테크의달인폰클릭만으로매클릭마다만원일마다만원씩xzxkrd꾸준하게벌어요
2020,팔팔하게살기三일간우뚝아네가황홀해하는바암원놓치지마세요httpeboakmkr
2020,광고한평생자식들에게가난때문에눈치보실건가요httptwrkrudEF무료거부
2020,광고주식의법칙뉴지랩신고점돌파시도예상단기목표만여유보유무료거부
2020,이지훈님선정되었습니다이벤트쿠팡맨친추만하여도경품자동응모경품조회iorkragbg
2020,광고옹다ㅎH피바이러스전파중무료거부
2020,편법대출금융승인kakaocms
2020,새로운투자방식이새로운미래를만듭니다volagnG
2020,아름다운봄즐거운하루사랑도다시찾음httpwkfprinckr
2020,광고세력추적클럽뉴지랩신고점돌파시도예상단기목표만여유보유무료거부
2020,계획도없는목표는한낱꿈에불과합니다httpclickglvnic보장상품
2020,연간소득억단위이상까지가능한투자노하우공개dokdoinnfp
2020,계획도없는목표는한낱꿈에불과합니다httpclickglvnic보장상품
2020,광고DH성주환님oooooooowon가져가세요httplinkfbdAz무료거부
2020,잡기만하면입주후억풀리면억버는아파트청약통장필요없습니다수성구아파트평폐관임박
2020,광고httptrimmhz악순환끝매달천만원가난극복무료거부
2020,광고화요일아침마당에방영한달원httpshanglIKfzf무료거부
2020,광고만원드립니다대박나세요그라니me무료수신거부
2020,한진택배고객님배주현님에게보내신물건이배송완료되었습니다
2020,김수현님신한카드회원님의신용관리를위해미납금액입금부탁드립니다
2020,광고FX플러스화곡점fxpluskr최저수수료첫무료수신거부
2020,광고httpshanglzwkxR오늘의찌라시밴드무료거부
2020,광고ju인베스트먼트뉴지랩신고점돌파시도예상단기목표만여유보유무료거부
2020,한진택배고객님진동규님에게보내신물건이배송완료되었습니다
2020,광고파워전용최고파워바카최고키→ctcom무료수신거부
2020,광고원정보최고사은금인티TV☆만현상무료거부인증
2020,안녕하세요포스팅알바단가정말많이인상됐습니다알바진행관심있으시면답변주세요
2020,광고통◇신인터넷통신사이동접수하시면원지원무료거부
2020,광고배당꼬ㅍ지ㅇㅗ급배당주소껌무료거부
2020,광고원정보최고사은금인티TV☆만현상무료거부인증
2020,광고싱글맘지영씨도만원으로인생을바꿨다httpstrimveryon무료거부
2020,광고GJ펀딩주부무직자상관없이신용등급등급연최대천까지당일대출진행가능합니다
2020,힘든시기집에서돈버는법모바일pc로가능blogdaumnetss
2020,광고부자들은이미시작했습니다neverbandkr무료거부
2020,광고만원드립니다대박나세요리니아me무료수신거부
2020,홀짝박사김문석이알려주는추천종목httpbitlykrMJMvdwIV
2020,예스파일회원님의포인트일후소멸예정바로가기myesfilecom
2020,광고bitlybMIwRi日원실현누구나가능합니다무료거부인증
2020,광고LS정보통신인터넷변☆경시현금최대타업체와비교불가무료거부
2020,홀짝박사김문석이알려주는추천종목httpbitlykrMJMvdwIV
2020,카카오톡에서알려주는한국경제TV평생사부의추천httpsvolaSGc
2020,광고COC콕맍원주께최대까지환젅해주께스포츠Up컈뚟DJ무료거부
2020,광고불경긴데남들은할것다하고산다고왜isgdtwJgb무료거부
2020,모른다고고집부리시나요억만들기설명듣고가세요httpscuttlyysUBmA
2020,아무것도하지않는사람은아무것도이룰수없습니다hanglZzjik도움이필요하신분만누르
2020,아무것도하지않는사람은아무것도이룰수없습니다hanglZzjik도움이필요하신분만누르세요
2020,광고마감임박만촌역평억반월당역풀옵평억무료거부인증
2020,광고황금투자클럽뉴지랩신고점돌파시도예상단기목표만여유보유무료거부
2020,♥The★King가입삼만증첫입이십퍼끝까지출금♥ejs
2020,모른다고고집부리시나요억만들기설명듣고가세요httpscuttlyysUBmA
2020,광고리스크X마감까지책임지는httpclickglPlyjk무료거부
2020,★우리보다★혜택좋은스카이★경험해보세요★만드리죠UPU
2020,광고광제리월천할수있습니다▼httpnavermextbExxS다모임지식인무료거부
2020,잠든사이잔고쌓이는비법남들한달월급하루수익으로▼당일httprorkrafGp
2020,광고단분으로여유를찾다bitlyKqjUlh무료수신거부
2020,광고무료나뭄⑧x③comk카◆정팀사대보게꽁짜무료무료수신거부
2020,광고♥우ㄹTheKng쿠본장담당케어sⓢⓚcom♥무료거부
2020,광고리스크X마감까지책임지는httpclickglPlyjk무료거부
2020,카카오톡에서알려주는한국경제TV평생사부의추천httpsvolaSGc
2020,경기없을때는여기가ⓑestmknne⑨comcodena
2020,광고FX시티신사점선택이중요합니다httpsbitlyYUZT무료거부
2020,광고♥우ㄹTheKng쿠본장담당케어SSⓚcom♥무료거부
2020,광고♥우ㄹTheKng쿠본장담당케어SSⓚcom♥무료거부
2020,고객님의SMS인증번호는입니다정확히입력해주세요
2020,광고NAVERBAND에서초대장을보냇습니다httpsdokdoinCV무료거부
2020,카카오페이로그인본인이아닌경우고객센터로신고해주세요
2020,경기없을때는여기가ⓑestmknne⑨comcodena
2020,광고♥에볼루션팍스가입행사가CAZINOTOTO입jⓡ⑧pcom무료거부
2020,광고♥우ㄹTheKng쿠본장담당케어ⓢSⓚcom♥무료거부
2020,광고♥우ㄹTheKng쿠본장담당케어ⓢSⓚcom♥무료거부
2020,광고★조천억확보★게임섹터지각변동MA최대수혜참여무료거부
2020,자기자신을위한미래투자좋은멘토분들과시작하세요httpsbitlybPDgwA
2020,광고♥우ㄹTheKng쿠본장담당케어ⓢSⓚcom♥무료거부
2020,광고찐테크로환영합니다bestforkr무료거부
2020,광고♥우ㄹTheKng쿠본장담당케어ⓢSⓚcom♥무료거부
2020,명사특강오늘도열심히정윤식학생이등원하였습니다
2020,구글입니다님께현금처럼사용하시라고상품권만보냈어요장전kr
2020,땡기지닷컴인증번호
2020,광고모두가이해하는httpsbitlySHAT자산확보의중요성무료거부
2020,광고ⓦⓢwcomTHEKㅣNG우리카진노드림무료수신거부
2020,광고퍼스트만증정저에게딱맞는곳을찾았어요tre무료거부
2020,To잡주일일급ok성실한분일Io카톡문의to
2020,광고모두가이해하는httpsbitlyKHfJC자산확보의중요성무료거부
2020,리화이트에서보내는인증번호입니다
2020,광고리스크X마감까지책임지는httpclickglPlyjk무료거부
2020,광고모두가이해하는httpsbitlywUGF자산확보의중요성무료거부
2020,광고우리라인♥감사행사♥NEW등록쿠폰▶ays무료거부
2020,김진우자산관리사가당신께전해드리는당신만모르시던bitlyKyFkNo돈을부르는노하우
2020,광고자택근무당일문의▼httpclickglBoqkwF무료거부
2020,광고세명규씨이달에만clickglnRSSh무료거부
2020,광고→TⓚTⓚ⑨com→WooriTheking중뵥갸입ok무료거부
2020,S휴대폰개통점이만이상쓴담무상으로제공희망하심희망문자주셔유
2020,광고와우대리님적립금회만점회천점증정무료거부
2020,ASIA증권VIP슈팅종목잡우세요httpreurlkrACADACV무료거부
2020,광고트리콜접수즉시배차더빨리진트리콜을경험해보세요무료수신거부
2020,케이뱅크승인안원님원세븐일레븐제주공항출금가능액원
2020,광고육천운전사은품언제나행복가득하시고건강하세요무료거부
2020,승인번호입력시원결제됩니다KG모빌리언스
2020,광고대리회사용번무료평균이용요금적용무료수신거부
2020,옥션접수건은판매자가취소처리가불가하여고객님께서접수취소처리부탁드립니다bitlyKFkTD
2020,광고하은이가안내해요웃기만하는날들httpsbitlyxaRh무료거부
2020,옥션접수건은판매자가취소처리가불가하여고객님께서접수취소처리부탁드립니다bitlybJXRr
2020,옥션접수건은판매자가취소처리가불가하여고객님께서접수취소처리부탁드립니다bitlyKFkTD
2020,옥션접수건은판매자가취소처리가불가하여고객님께서접수취소처리부탁드립니다bitlyewDRR
2020,광고ABACa오픈오픈만쿠폰sdwecom무료거부
2020,글로벌엠알오인증번호를입력해주십시오
2020,광고청개구리S클럽오늘오픈할인이벤트가최종종료됩니다무료거부
2020,광고스윙스투자자문뉴지랩꼭매집완료강추전고점뚫고신고점개신가능무료거부
2020,광고황금투자클럽뉴지랩꼭매집완료강추전고점뚫고신고점갱신가능무료거부
2020,광고황금투자클럽뉴지랩꼭매집완료강추전고점뚫고신고점개신가능무료거부
2020,광고더블유로또내일또조합나가는날I등번호무료받으실분서둘러☎주세요무료거부
2020,비상금마련휴대폰결재현금화미납요금없으면누구나가능분진행OK카톡tv
2020,한국교통안전공단최명환님지원금이입금되었습니다건강하고행복하세요
2020,광고스윙스투자자문뉴지랩꼭매집완료강추전고점뚫고신고점갱신가능무료거부
2020,광고스윙스투자자문뉴지랩꼭매집완료강추전고점뚫고신고점개신가능무료거부
2020,캐치콜님이전화하셨습니다연결통화버튼
2020,이방법하나로집에서제빚을갚았습니다httpscuttlyqydaLY
2020,이방법하나로집에서제빚을갚았습니다httpscuttlyqydaLY
2020,광고스윙스투자자문뉴지랩꼭매집완료강추전고점뚫고신고점갱신가능무료거부
2020,광고주식의법칙뉴지랩꼭매집완료강추전고점뚫고신고점갱신가능무료거부
2020,광고스윙스투자자문뉴지랩꼭매집완료강추전고점뚫고신고점갱신가능무료거부
2020,광고PC뱅크중고pc매입판매전문업체집기류매입철거시무료견적무료거부
2020,광고주식닥터클럽뉴지랩꼭매집완료강추전고점뚫고신고점갱신가능무료거부
2020,광고JU인베스트먼트뉴지랩꼭매집완료강추전고점뚫고신고점갱신가능무료거부
2020,광고주식닥터클럽뉴지랩꼭매집완료강추전고점뚫고신고점갱신가능무료거부
2020,광고일이익만일억목표보기▼kakaochannelcom무료거부인증
2020,광고지금이기회가더나은미래로bitlyaJI무료거부인증
2020,광고지금이기회가더나은미래로bitlyaJI무료거부인증
2020,광고김나영컨설턴트의리스크없는자산운용법httpsbitlyKEadQ무료거부
2020,다시없을인생의전환점벌고나서판단하세요클릭→httpsvolabxmQ
2020,광고스윙스투자자문뉴지랩꼭매집완료강추전고점뚫고신고점갱신가능무료거부
2020,마지막남은만원만원만들어사장되기httpsvolakWfD무료수신거부
2020,우뚝솟은pa워二대되찾고단단하체IIEV더많은참여부탁합니다httpokgbrkr
2020,BAND점심초청naverbandcomc
2020,평생먹고살돈을이것으로httpscuttlybydjW최고의선택은단기입니다
2020,광고원조원조SlotSKc⑤②com체험만p신무료거부
2020,광고httpsrbgyclhugf금일참여시지원금에수익까지당일환급무료수신거부
2020,직장에나가잇어도폰만켜놓으면매일만원씩벌어서아이들소고기사먹일수있어요xzxkrm
2020,광고워킹맘지영씨달만에연봉번비결httpstrimcick무료수신거부
2020,직장에나가잇어도폰만켜놓으면매일만원씩벌어서아이들소고기사먹일수있어요xzxkrm
2020,직장에나가잇어도폰만켜놓으면매일만원씩벌어서아이들소고기사먹일수있어요xzxkrm
2020,광고해운대바다뷰층랜드마크그랜드오픈옥상인피니티풀장평형대무료거부
2020,한동훈이알려드리는추천주받기bitlykrksYgfad
2020,광고BODYoㅑ구게막콩o콩빨리와요ㅋㄸBD무료거부
2020,광고httptrimkmg악순환끝매달천만원가난극복무료거부
2020,광고성공한사람들의httpsbitlySfSIu공통적인습관무료거부
2020,Asia다날강스템바이오텍선매수인정참여무료거부
2020,광고마지막발송위의분석력로또예상신청▷twrkrwpau무료거부인증
2020,광고마지막발송위의분석력로또예상신청▷twrkrwpau무료거부인증
2020,광고통☆신인터넷통신사변경설치하시면원지원무료거부
2020,페이데이박현수의수익구조공개volaKkVA
2020,광고K지더낮아진가격Vimax빅sizedregon비a그LawwwbitlyeIWkOP무료거부
2020,투광고성유진리더와함께리스크없이진행하자httpclickglbkswcx☜무료거부
2020,의류도매밴드로초대합니다아래링크를눌러주세요httpsbandusnaadvaren
2020,광고일용직상수씨달만에연봉번비결httpstrimcick무료수신거부
2020,광고백수에서인생이바뀐사연공개합니다httpstrimJYIQT무료거부
2020,광고httpsbitlydJmEk성공이눈앞에지금당장실천하세요무료거부
2020,우체국택배문앞에보관했습니다
2020,광고성유진리더와함께리스크없이진행하자httpclickglbkswcx☜무료거부
2020,광고터지는★SANDS신규님♥환영쿠폰３장TFME무료거부
2020,이수자님준비된도전은당신을빛나게합니다bitlyycYbN클릭
2020,최필례님저는이것으로행복을되찾았습니다아직늦지않았습니다httpsckreztc
2020,연홍사내일부처님오신날법회합니다오전시분대웅전초파일큰행사는월일합니
2020,광고우리Kag노등록후발급쿠폰손실적립tem〈OM무료거부
2020,우리보다혜택좋은다이아시작③만나가요ＩO퍼는기본장소↓DCc
2020,숄드셀인베스트뉴지랩악성물량소화끝내고종가관리이후다음주로넘기겠습니다안심하고보유
2020,광고복권오늘→배오늘의답↓pfkakaocomxjxfbaxb무료거부
2020,광고인터넷tv교체상당드림무료거부
2020,광고☞ⓡ⑧xⓓcom권팀장SandsCouponp무료거부
2020,광고FX시티리스트없는투자평생무료만volajRfs무료거부인증
2020,xSyncAuthenticationCodeCode
2020,광고파워전용최고파워바카최고키→ctcom무료수신거부
2020,★더킹★연휴♥시작은쿠폰더킹♥깔끔한벳팅휴가♥시원한출금ejs
2020,★더킹★연휴♥시작은쿠폰더킹♥깔끔한벳팅휴가♥시원한출금ejs
2020,광고증권가고수들의대박찌라시이거해서억▶httpstrimhm무료거부
2020,광고파워전용최고파워바카최고키→ctcom무료수신거부
2020,제가이방법으로모든것을찾았습니다도움드리겠습니다httpsvolaIl
2020,광고성유진리더와함께리스크없이진행하자httpclickglbkswcx☜무료거부
2020,경기없을때는여기가ⓑestmknne⑨comcodena
2020,광고최상홚전빠른SOMETIMEKBOK리그먄바꼬홚전꺠툐옥SM무료거부
2020,광고BO라미쭈쭈바♡잘해수신거부
2020,저희웨딩합니다식은나중에올립니다축하만해주세요♥httpbitlykrhIFYiIiZ
2020,광고평화로운가정을위한나의작은노력httpsbitlyKKGxkN무료거부
2020,투광고소캔디판다다야스을로옷첫S년동안꾸준하게웅이무료거부인증
2020,광고홚전빠른SOMETIMEKBOK리그먄바꼬홚전꺠툐옥SM무료거부
2020,광고대리처음적립만원과이후계속적립님무료수신거부
2020,하나승인김수원일시불고르고누적원
2020,광고♥에볼루션팍스특별행사CAZINOTOTO입♥첫매퍼jⓕ⑦dcom무료거부
2020,광고성공한사람들의httpsbitlySfSIu공통적인습관무료거부
2020,광고갤럭시투자그룹★조뉴딜수혜★시행전매수참여무료수신거부
2020,광고돈버시죠강랜보다THE킹가입바로만입금만kabcОm무료거부
2020,구글입니다님께현금처럼사용하시라고상품권만보냈어요부합kr
2020,광고네이버밴드당신을초대합니다네이버초대장net무료거부인증
2020,캐치콜님이전화하셨습니다연결통화버튼
2020,안녕하세요개통햇던대리점입니다■최신S노트◐명만가능■무료상담◐이름◐적어주새요
2020,광고네이버밴드당신을초대합니다네이버초대장net무료거부
2020,함께해주셔서행복했습니다더사랑하고더뛰겠습니다제대국회의원후보손영택올림
2020,광고김나영컨설턴트의리스크없는자산운영법httpsbitlyaOyyG무료거부
2020,광고김나영컨설턴트의리스크없는자산운영법httpsbitlyaOyyG무료거부
2020,천안서북경찰서사이버팀입니다귀하의사건은현재수사진행중에있음을알려드립니다
2020,광고김나영컨설턴트의리스크없는자산운영법httpsbitlyaOyyG무료거부
2020,김진우자산관리사가당신께전해드리는당신만모르시던bitlyVQpvYZ돈을부르는노하우
2020,SAINTPAINSPRINGSUMMERSALE최대OFFhttpmsaintpaincokr
2020,광고해피텔레콤대란S번SSSiiXR톡alpha무료거부
2020,광고매니져들다수교체업그레이드완료기회한번주세요오승현무료거부
2020,광고광제리월천비결공개누구나할수있습니다httpnavermefEOXpEI무료거부
2020,광고광제리월천비결공개누구나할수있습니다httpnavermefEOXpEI무료거부
2020,문의kakaoBASM
2020,광고▶대리현재원음주▶행복한연휴보내세요무료거부
2020,광고바황황다금금게상고임어래heaＣOm무료수신거부
2020,광고퍼스트만증정꽃피는봄날에쿠폰복권tre무료거부
2020,광고광제리월천비결공개누구나할수있습니다httpnavermefEOXpEI무료거부
2020,첫방문스타트무설치로대박까지한걸음소자본으로대박난사연들knkodzbandus
2020,광고파워블파사키노홀하고짝유츨백프로적중후블케케우툭무료거부
2020,광고우리라인♣감사행사♣NEW등록쿠폰▶ime무료거부
2020,공식밴드속바다이야기방문시쿠폰지급후기남기고경품까지knkodzbandus
2020,캐치콜님이전화하셨습니다연결통화버튼
2020,광고보라미몸도주고옵빠저외박가능해요♥무료거부
2020,승인번호결제창에입력시원정상결제됩니다카카오
2020,공식밴드속바다이야기방문시쿠폰지급후기남기고경품까지knkodzbandus
2020,광고매너기사처음신속배정안전으로모셔요무료거부
2020,광고매너기사처음신속배정안전으로모셔요무료거부
2020,공식밴드속바다이야기방문시쿠폰지급후기남기고경품까지knkodzbandus
2020,본인확인인증번호입력시정상처리됩니다
2020,폰만있으면간편하게해결가능무방문저신용okkakaoffdn
2020,LG이노텍LGCareers나의지원현황에안내문이게시되었습니다
2020,광고동부센트레빌토지잔금지급완료선챡순특별분양로얄층확보평무료거부
2020,광고YWZ봄격세일봄아우터특가전일봄나들이기획전월mywzcokr무료거부
2020,광고W로또부처님오신날상담만하면개월무료드려요무료거부
2020,광고밴드초대장김현지플래너bitlyVNAt무료거부인증
2020,SSG카드후불교통이용합산금액원누계원
2020,광고우리♥KAgin▷안전장소▶증▶추가‰mesc♠m무료거부
2020,광고S삼오공♨부처님오신날이벤♨최대만P쏨♨자게공지확인무료거부
2020,부처님도반해버린하영이만의성공비법성공해서공불드리러가자안심클릭☞volaFBaA
2020,무신사스토어양혜정님주문완료되었습니다주문조회httpsmusinsaapppagelinkcEjK
2020,광고httptrimnTcC노후준비끝은퇴준비끝월만원무료거부
2020,열심히일만한당신미래가불투명하다면인생을바꾸는방법httpbitlykrRhIAQejB
2020,광고▼보러가기▼bitlyYinnu하루하루만원씩벌어보자무료거부인증
2020,김종길팀장♥제이에스코퍼레이션♥HDC두종목꼭지켜봐주세요
2020,광고ggp가입시만포지급isgdvHKEro무료거부
2020,광고다가오는월달기분좋게출발하는법httptwrkraBE무료수신거부
2020,김종길팀장♥제이에스코퍼레이션♥HDC두종목꼭지켜봐주세요
2020,httpscuttlyTyfASAm퇴직노후사업자금도움되는정보이걸로준비해보시는건어떠신가요
2020,광고♥쎈즈♥카지너sfⓩcom♥가∞∞p입♥우ㄹ게열무료거부
2020,광고워킹맘지수씨달만에연봉번비결httpstrimClick무료수신거부
2020,복권구입환pfkakaocomeVWaxb
2020,광고라파웨딩httpiorkrkakaotalkuow식올리기로했어요츄카해주세요무료거부
2020,해외본사운영정식협약업채잔고O억보증천지급▶MⓔCOM업계신뢰위코드
2020,광고빨간날♥THE킹시원하게♥드려요최대１０장더SXDQ２무료거부
2020,광고초곡화산샬레평형잔금천만원대로내집마련마감임박박해경실장무료거부
2020,오랜만이에요지인사업체로평은좋네요둘러보세요httpsvolaTLA
2020,해외본사운영정식협약업채잔고억보증천지급▶MⓔCOM업계신뢰위코드
2020,광고정치망사전주문예약제시행시분이전선입금후주문가능무료거부
2020,드시고괜찮으시면쭈욱이용일시적발급중문의kakaobsFW
2020,해외본사운영정식협약업채잔고억보증천지급▶KⓓCOM업계신뢰위코드
2020,일단타실현맞춤상담httpsmuzsoabkj
2020,광고진아센터장의꿀팁이거만알면걱정노우httpsbitlywKDeh무료거부
2020,광고FX시티이동하시면지원금넣어드릴게요volajRfs무료거부인증
2020,드시고괜찮으시면쭈욱이용일시적발급중문의kakaobs
2020,광고＊ⓢa⑦ⓢcom→심팀장SandsCouponp무료거부
2020,광고받고우선해보세요운동FX스카이에볼루카툭LA주세요무료거부
2020,광고가족을위한미래투자정보httpsbitlyKMoBGA무료거부인증
2020,임규형팀장이알려주는상위가되는법무료상담httpnewsoagvF
2020,광고톡ffdn폰있으면저신용가능친절하게무료수신거부
2020,광고chobamcom유달주소변경무료수신거부
2020,부처님오신날의숨겨진의미bitly사월초파일
2020,광고브아피♥담당SandsCA우리계열q⑥w⑧comP무료거부
2020,광고chobamcom유달주소변경무료수신거부
2020,한진택배함윤정운송장번호주소지재확인요청드립니다medoFCHvePi
2020,한진택배김미애운송장번호주소지재확인요청드립니다medoxxaUQsaT
2020,광고↓↓꿩↓만↓년↓뭐↓ⓟ↓차↓니↓☎CT무료거부
2020,광고다가오는월달기분좋게출발하는법httpcozjp무료수신거부
2020,광고울산삼산동타일랜드full티오명태희무료거부
2020,httptrimnTcC노후준비끝은퇴준비끝월만원
2020,광고리스크X마감까지책임지는진행clickglIqign☜무료거부
2020,폰개통점입니다요금만이상S무료희망하심희망문자줘유순차로연락혀유
2020,폰개통점입니다요금만이상S무료희망하심희망문자줘유순차로연락혀유
2020,이것으로경제위기극복bitlyaKCOZ제로금리시대극복하자
2020,휴대폰개통점입니다요금만이상S무상원하신담희망문자주셔유
2020,광고재계스포츠마케팅열전통큰투자스포츠산업에투자한다lcojpahyv무료거부
2020,삼성승인김수원일시불맛있는고기에솜누적원
2020,☞ΒАＤ∪GI☜년무사고만원체험환OKnatoahdq
2020,폰개통점입니다요금만이상S무료희망하심원함문자줘유순차로연락드릴께유
2020,광고성유진이진행한다리스크없이진행하자httpclickglmfQrvE☜무료거부
2020,광고태앵따갖고싶으면가져도되무료거부
2020,코로나백신관련테마주분석선착순입장pfkakaocomtkKdxl
2020,코로나백신관련테마주분석선착순입장pfkakaocomtkKdxl
2020,코로나백신관련테마주분석선착순입장pfkakaocomtkKdxl
2020,코로나백신관련테마주분석선착순입장pfkakaocomtkKdxl
2020,코로나백신관련테마주분석선착순입장pfkakaocomtkKdxl
2020,코로나백신관련테마주분석선착순입장pfkakaocomtkKdxl
2020,코로나백신관련테마주분석선착순입장pfkakaocomtkKdxl
2020,코로나백신관련테마주분석선착순입장pfkakaocomtkKdxl
2020,코로나백신관련테마주분석선착순입장pfkakaocomtkKdxl
2020,코로나백신관련테마주분석선착순입장pfkakaocomtkKdxl
2020,코로나백신관련테마주분석선착순입장pfkakaocomtkKdxl
2020,코로나백신관련테마주분석선착순입장pfkakaocomtkKdxl
2020,코로나백신관련테마주분석선착순입장pfkakaocomtkKdxl
2020,코로나백신관련테마주분석선착순입장pfkakaocomtkKdxl
2020,코로나백신관련테마주분석선착순입장pfkakaocomtkKdxl
2020,코로나백신관련테마주분석선착순입장pfkakaocomtkKdxl
2020,코로나백신관련테마주분석선착순입장pfkakaocomtkKdxl
2020,코로나백신관련테마주분석선착순입장pfkakaocomtkKdxl
2020,코로나백신관련테마주분석선착순입장pfkakaocomtkKdxl
2020,코로나백신관련테마주분석선착순입장pfkakaocomtkKdxl
2020,코로나백신관련테마주분석선착순입장pfkakaocomtkKdxl
2020,코로나백신관련테마주분석선착순입장pfkakaocomtkKdxl
2020,코로나백신관련테마주분석선착순입장pfkakaocomtkKdxl
2020,코로나백신관련테마주분석선착순입장pfkakaocomtkKdxl
2020,코로나백신관련테마주분석선착순입장pfkakaocomtkKdxl
2020,광고죠오은mn젤맛있는건돌싱이지ㅎ무료수신거부
2020,광고BO라미육감적인내엉덩이수신거부
2020,광고z리zzi다벗고기다릴께무료수신거부
2020,폰개통점입니다폰비만이상갤꽁짜원하신담희망문자주셔유
2020,아이디어스인증번호를넣어주세요QqkWPsb
2020,광고소중한거래자금보존형상품당일재정거래youbccus무료거부
2020,광고공정거래상품일평균올단타본적없는투자보장상품kbsbccus무료거부
2020,광고에스케이텔낮딸녀같이해요♡무료거부
2020,글램인증번호는입니다♥을담아글램올림
2020,광고시민공원일동미라주아파트월이전마지막전매가능한프리미엄아파트수신거부
2020,아샤시일토옥ⓑet국야두시경기
2020,하나승인문연원일시불홍콩반점마곡나누적원
2020,NH농협카드정부긴급재난지원금사용금액원남은금액원
2020,광고DBO으로OOhttpclickglcQhGz무료거부
2020,광고강사모회원님들에만특별히소개해드리는밴드clickgleEYy무료거부
2020,광고DBO으로OOhttpclickglvifIi무료거부
2020,광고슉대LG번SNiS기SS번NK기S밴드무료거부
2020,안녕하세요휴대폰개통했던지점입니다▶노트S▶무료▶명가능▶성함♥남겨주세요
2020,대구유일억대에내집마련초품아대단지프리미엄단호실남았습니다문의주세요FW
2020,광고예약단독진행정확한정보자산보존약속확인mtabandus무료거부
2020,광고바다E야기isgdFlsTOj줌작성코드무료수신거부
2020,선택의료기관이있으신경우내원당일의료급여의뢰서를제출하여주시기바랍니다
2020,광고바다E야기isgdFlsTOj줌작성코드무료수신거부
2020,광고바다E야기isgdFlsTOj줌작성코드무료수신거부
2020,택배배송지주소확인요망CJ대한통운httpsbitlyTUZVD
2020,광고노후대비재테크천만원에서일억httpkorealeaderkr무료거부
2020,코데즈컴바인원↓이건산업원↓월일VIP반매수완료내일확인관리팀최동열
2020,코데즈컴바인원↓이건산업원↓월일VIP반매수완료내일확인관리팀최동열
2020,광고매일경제TV방송일평균의비결재계약성사율bandkclbus무료거부
2020,광고매일경제TV방송일평균의비결재계약성사율bandkclbus무료거부
2020,광고매일경제TV방송일평균의비결재계약성사율bandkclbus무료거부
2020,구발키리㈜JS―휴먼회원일이후잔여금액소멸예정기존ID접속가능복귀참여룰렛지급
2020,광고예약단독진행정확한정보자산보존약속mtabandus무료거부
2020,NH카드승인고정원일시불함덕농협하나로마
2020,광고예약단독진행정확한정보자산보존약속mtabandus무료거부
2020,투▶httpsdokdoindki이름님공식라이센스보유컴퓨터오토분석시스템개인전문가배정
2020,광고단독주택구매한그방법을배워가세요httpclickglLwzzt무료거부
2020,※매수안내▶일시국책사업발표▶최소수익▶조뉴딜정책주bitlydlsS입장
2020,투※매수안내▶일시국책사업발표▶최소수익▶조뉴딜정책주bitlydlsS입장
2020,폰요금만이상이믄폰개통점이S공짜루줘유원한다믄번문짜남기유
2020,광고임상시험결과도출공시※익일시오픈natoarXK무료거부
2020,※매수안내▶일시국책사업발표▶최소수익▶명인원제한bitlydlsS입장
2020,※매수안내▶일시국책사업발표▶최소수익▶조뉴딜정책주bitlydlsS입장
2020,광고임상시험결과도출공시※익일시오픈natoarXN무료거부
2020,광고황혼대퇴직자신형차구매비결은httpclickglSugb㈜무료거부
2020,※매수안내▶일시국책사업발표▶최소수익▶명인원제한bitlydlsS입장
2020,광고황혼대퇴직자신형차구매비결은httpclickglSugb㈜무료거부
2020,매수체험▶임상시험결과도출공시▶익일시오픈▶매수가능httpsckrflt
2020,※매수안내▶일시국책사업발표▶최소수익▶명인원제한bitlydlsS입장
2020,※매수안내▶일시국책사업발표▶최소수익▶조뉴딜정책주bitlydlsS입장
2020,광고황혼대퇴직자신형차구매비결은httpclickglSugb㈜무료거부
2020,※매수안내▶일시국책사업발표▶최소수익▶조뉴딜정책주bitlydlsS입장
2020,NH카드승인취소권락원주지에스리테
2020,NH농협카드정부긴급재난지원금사용금액원남은금액원
2020,※매수안내▶일시국책사업발표▶최소수익▶조뉴딜정책주bitlydlsS입장
2020,●구독자EVENT●억모으기프로젝트수익률보장샤프슈터무료리딩카톡IDMH
2020,●구독자EVENT●억모으기프로젝트월회무료종목추천샤프슈터카톡IDMH
2020,도관인입니다동원금속코데즈컴바인월시작월요일기분좋게쩜상도전대한민국화이팅
2020,쿠팡출금잔액원
2020,자택방문예정엄문용님kt채무금회수를위한자택방문실사예정고려신용정보
2020,유영자님이용감사합니다삼성에어컨월일배송예정입니다
2020,광고KB숨은돈주인이되십시오httpclickgljxFul무료거부
2020,광고TV생생정보에나온이것초대합니다httpsbitlyeMz무료수신거부
2020,광고sg미래는여기있다아직널리퍼지지않았을뿐sgtorkr무료거부
2020,광고차동행복권전회차누적통계월주예상수▷hadoun무료거부
2020,광고Ymedia갤S원대한정수량좌표▶ckrgu무료거부
2020,폰개통했던대리점에서갤S을★원★에만원이상쓰는명만신청을꼭문자로줘야합니다
2020,koekrrjfs당신의미래를바꿀수있습니다조건없는일평균만
2020,분주한화요일Ba로Ba로스는다음날까지신호옴프러스httpsywdenakr
2020,광고SS월리딩무료카페확인cafeetfsqcom무료거부
2020,광고판타지오밑으로천천히매집금요일전고점돌파갑니다무료거부
2020,광고판타지오밑으로천천히매집금요일전고점돌파갑니다무료거부
2020,광고판타지오밑으로천천히매집금요일전고점돌파갑니다무료거부
2020,광고강동진httpsopenkakaocomosHGqZb가족방참여가능합니다무료거부
2020,광고판타지오밑으로천천히매집금요일전고점돌파갑니다무료거부
2020,광고AssetHigh안전하게일평균알아보러가기◀ws무료거부
2020,광고옆집백수가모을수있었던비밀자산▼httpclickglJVaMp무료거부
2020,광고pfkakaocomVxowpxbfriend카카오가보낸선물입니다무료거부인증
2020,국민신문고처리할민원배정알림AA처리기한
2020,광고최근급상승한이것돈걱정은그만httpapisepwRFDQ무료수신거부
2020,광고pshttphicozjp자본주의세상클릭한번으로변화무료거부
2020,광고pshttphicozjp자본주의세상클릭한번으로변화무료거부
2020,광고판타지오밑으로천천히매집금요일전고점돌파갑니다무료거부
2020,듀찬스안전메괜찮다면쭉이kakao져Bs
2020,광고BJ라인헤어몰사은품증정♥httpssmartstorenavercomsizzima무료거부
2020,BAND인증번호분이내에입력해주세요
2020,광고P보라미어때요쿨하하게빠라♥무료거부
2020,광고무료정보당신을초대합니다httpclickglcbDPu무료거부
2020,더치트귀하에대한피해사례삭제요청을진행해주십시오TheCheatcokr
2020,메리츠자산운용주계좌원은행입금완료
2020,광고전일출마감금일출마감예상httpsvolamV무료수신거부
2020,httpsyoutubecAkTTgpGck강남자성중기TV청담사거리역신설많은시청구독부탁드립니다
2020,카카오뱅크승인거절윤호원이상열치과잔액부족
2020,CJ택배주소지불명으로인해미배송물품건물품주소확인tjpkubnclub
2020,모아저축은행인증번호는입니다정확히입력해주세요
2020,광고울산울산NO러시아냥국산냥방역철저
2020,힐스테이트오페라전매무제한만원대풀옵션태평로만천세대개발호재무료거부
2020,광고일분환급httpggggjxhp오늘까지무료↑무료거부
2020,광고하나뿐인내인생터닝포인트종잦돈모으기bitlyunicare무료거부
2020,광고분마다증가하는자산presto자문prestocmacomkaka무료거부인증
2020,광고갤러리투자시골소년에서백만장자가된소년의비결bitlyGallery무료거부
2020,투광고갤러리투자시골소년에서백만장자가된소년의비결bitlyGallery무료거부
2020,광고알바플랜생동성참여바로시작만원외개모집planmedicom무료거부
2020,광고갤러리투자시골소년에서백만장자가된소년의비결bitlyGallery무료거부
2020,광고FT송이아빠프라이드에서그랜저로바꿨다wwwbitlyicGHr무료거부
2020,광고분마다증가하는자산presto자문prestocmacom무료거부인증
2020,한국상담학회연차학술대회차등록안내홈페이지학술행사연차학술대회사전신청
2020,광고todaystock▶한일사료타이밍장흐름모르겠죠연락주세요무료거부
2020,광고분마다증가하는자산presto자문prestocmacom무료거부인증
2020,광고분마다증가하는자산presto자문prestocmacom무료거부인증
2020,광고todaystock▶한일사료타이밍장흐름모르겠죠연락주세요무료거부
2020,httpshangluBXp현재월급에만족하신다면절대누르지마세요
2020,광고InTerMoBi드나랑하면두번해두댕무료거부
2020,광고분마다증가하는자산presto자문prestocmacom무료거부인증
2020,광고개통한지점입니다▶노트S▶명가능무료▶성함남겨주세요무료거부
2020,광고다음머니월일소액콘텐츠한도발생최고가보장카톡dm무료거부
2020,광고☆코어☆신규★매일★확인▶pkz③com무료거부
2020,광고정년퇴직한아버지httpsbitlyBURyP억을모은비법무료거부FW
2020,광고주민httpbitlykrLWfZXtVdyAI종목제공무료거부
2020,광고무너진옆집청년이다시일어설수있던방법▼httpclickglJVaMp무료거부
2020,광고님가시는데까지안전하게부를때마다분의무료거부
2020,강남RoM색씨걸☎구경하기▽httpsbitlyVcfvTY
2020,안녕하세요오픈행사합니다지금부터분께선착순전코스할인장유화이트
2020,강남ROOM연애포함콜홈피httpsbitlyNfWntH
2020,광고님가시는데까지안전하게부를때마다분의무료거부
2020,광고다온연금적금부동산지금은안전자산시대wwwbanddaonus무료거부
2020,광고님가시는데까지안전하게부를때마다분의무료거부
2020,월추가코로나재난지원금wwwkoreacom신청
2020,광고내생에최고의터닝포인트재태크하기bitlyjamglo무료거부
2020,광고부자되기따라만하시면되요참가하기httpclickglTIPe☜무료거부
2020,강남RoMSEXGIRL☎구경하기▽httpsbitlyUIBGRT
2020,광고부자되기따라만하시면되요참가하기httpclickglgdyJV무료거부
2020,광고대ㅡㅡ리당일현금으로송금합니다무료거부
2020,배달의민족인증번호를입력하세요vLSLJRBBbd
2020,광고보라미잘세우고알아서빼드리는곳ㅋ수신거부
2020,광고P보라미hot한채리나노빤쥬속초대♥무료거부
2020,처음뵙겠습니다이민규입니다테라젠이텍스유성티엔에스기억하고내일잘보시고연락주세요
2020,ExtMail
2020,철도안전법과태료관련설문조사참여부탁드립니다철도노조운전국httpsbitlyWX
2020,광고HEVEN화성산업성공총명진입다음진입하실분답장무료거부
2020,당월마감통보김진원님LGU미납원신한MG신용정보
2020,광고HEVEN화성산업성공총명진입다음진입하실분답장무료거부
2020,광고노타모선착순랜덤럭키박스무조건만원bitlyDqdouz무료수신거부
2020,월간의정보고국회의원노웅래입니다최고위원출마했습니다☞bitlykrKqPKvRQgU
2020,장구환입니다화성산업대모지켜보셨나요정보아무나못합니다문의거부
2020,하태빈입니다테라젠이텍스유성티엔에스운이아닌데실력봤으면서연락안주시네요
2020,광고대성VERTHILL년임대풀옵션첨단최고의입지최저임대가무료거부
2020,황주희입니다화성산업대모지켜보셨나요정보아무나못합니다문의거절
2020,황주희입니다화성산업대모지켜보셨나요정보아무나못합니다문의거절
2020,김영석입니다화성산업대모지켜보셨나요정보아무나못합니다문의거절
2020,광고저는이것하나로집과차를마련httpclickglbQiNHb무료수신거부인증
2020,광고남은잔고만원불려만사장님되기httpsrbgylobmh무료거부
2020,광고년반만에건물주가된과정httpclickglLKsI무료수신거부인증
2020,반갑습니다박건영입니다테라젠이텍스유성티엔에스잘보셨나요앞으로도지켜보시죠
2020,hanglHoJ지금까지많이힘드셨습니다이제행복할때입니다한번의용기가자신을변화시킵니다
2020,광고MAKEFLY대박물들어올때노저으십쇼지금이찬스xcokrauPM무료거부
2020,저는이것으로희망을보았습니다httpreurlkrDBFPP
2020,광고MINIMAXP지급충전시기프티콘톡IDMM무료수신거부인증
2020,httpreurlkrDBFCO상승시작직접확인하세요
2020,광고생활비대출금해결N사G사검색김규린정보방httptmkrDdqYH무료거부
2020,광고PR월세독촉에시달리던이정씨현재빌라채주인되다wwwgnsiooil무료거부
2020,광고l플카♡방가워요그래서만줄께요담날또줄께요py무료거부
2020,광고가정을일궈낸세이프형투자gggglia무료거부
2020,httpscuttlybsDH상승시작직접확인하세요
2020,이정우님축하드립니다월억자산가들의고급소스지금공유idokrkViY
2020,광고httpsbitlygaWaQC가진게없는내가사장이된재산관리중요성무료거부
2020,광고MAKEFLY행복물들어올때노저으십쇼지금이찬스xcokrauPM무료거부
2020,광고네이버밴드에서초대장이도착했습니다httpsisgdmenBM무료수신거부
2020,광고BNC한고은과함께동전을수표로httpbandservercom무료거부
2020,SKT무비예매성공예매NO김종영님CGV대구스타디움
2020,광고VP들의후기보고가세요vipjsbandcomn무료수신거부인증
2020,광고VP들의후기둘러보고가세요vipjsbandcomd무료수신거부인증
2020,광고주부님들도할수있어요밴드httpbandservercom무료거부
2020,광고생활고해결대부상환목돈구축윤아름멘토httpgadausefMxbU무료거부
2020,이정우님월급만으로살기힘든세상제가도와드리겠습니다연결idokrrWRi번호연락X
2020,광고PR월세독촉에시달리던이정씨현재빌라채주인되다wwwgnsiooil무료거부
2020,키움체결통보인트로메딕매수주평균단가원
2020,광고네이버BAND초청합니다beststarkrmnn무료수신거부인증
2020,광고연산코오롱하늘채세대평당세금부담X센텀분정나겸부장무료거부
2020,바이너리옵션예치금원상승배실현금원안심링크▼httpgggglipo
2020,광고LottoRichlottorichcomlss최대할인싹쓰리이벤트오늘종료무료거부
2020,hanglpEMs도전은인생을흥미롭게만들며도전의극복이인생을의미있게한다멘토이서우
2020,hanglpEMs도전은인생을흥미롭게만들며도전의극복이인생을의미있게한다멘토이서우
2020,광고김재무인사드려요단기종목회무료제공받아보기문자회신무료수신거부
2020,광고이정우님택배기사최씨자수성가방법클릭→bitlykrEJSUsMhYe무료거부
2020,광고오늘도화이팅입니다httpclickglHsZZFa무료수신거부인증
2020,광고네이버초대장bandkrusYes무료수신거부
2020,직접입금시은행저축은행예금주강승현금액원
2020,광고베거스오늘만출가능붕어만만나도행운이오즈미org무료거부
2020,광고베거스오늘만출가능붕어만만나도행운이오즈미org무료거부
2020,광고무료수신거부FW
2020,광고P풀러스servi스월드size크계씨ccR비bb아wwwbitlyTPqCZ무료거부
2020,작은자금으로도이것을만난다면주에억blogdaumnetsoeun
2020,광고휴대폰판매처입니다☆갤럭시재고처분최저가상담희망문자주세요무료수신거부
2020,광고더★존휴가비♥억선착순▶쿠폰지원MRM무료거부
2020,광고무료수신거부
2020,휴가계획은잘짜고계신가요주말에쉬는동안좋은추억많이만드시고뜻깊은시간보내세요강남천사
2020,광고MAKEFLY이지훈이추천하는일등상품전문트레이딩ggggljba무료거부
2020,광고MAKEFLY이지훈이추천하는일등상품전문트레이딩ggggljba무료거부
2020,발신렌텍주전자세금계산서발행완료메일확인요망
2020,광고SSJ헤어본점이벤트문자사용기간월일월일까지입니다무료수신거부
2020,광고순천희뷰티헤어여름휴가월일갑니다좋은하루되세용무료수신거부
2020,님손해가얼마인가요httpsbitlycCLO정말도움이필요하신분만오세요
2020,광고MAKEFLY이지훈이추천하는일등상품전문트레이딩ggggljba무료거부
2020,회원님축하드립니다월억자산가들의고급소스지금공유idokrwrtR
2020,님손해가얼마인가요httpsbitlycCLO정말도움이필요하신분만오세요
2020,광고블로그에원고당만원에원고올려주실생각있으세요하루건이상무료거부
2020,님손해가얼마인가요httpsbitlycCLO정말도움이필요하신분만오세요
2020,광고언커버입니댜가입첫uncvrⓒⓞmcodevip무료거부
2020,카카오뱅크본인확인인증번호는입니다rtYHirQfj
2020,광고종가대장주바로공개지금바로입장medoIFwsHhzC무료수신거부
2020,광고☆퍼스트☆신규▶fczcom쿠폰원무료거부
2020,광고위반하신뱃으로반납reurlkrDBDAMlhcaP무료거부
2020,광고바른스시성대여름휴가월일부터일까지입니다무료수신거부
2020,코로나백신관련테마주분석선착순입장pfkakaocomtkKdxl
2020,코로나백신관련테마주분석선착순입장pfkakaocomtkKdxl
2020,코로나백신관련테마주분석선착순입장pfkakaocomtkKdxl
2020,코로나백신관련테마주분석선착순입장pfkakaocomtkKdxl
2020,코로나백신관련테마주분석선착순입장pfkakaocomtkKdxl
2020,코로나백신관련테마주분석선착순입장pfkakaocomtkKdxl
2020,코로나백신관련테마주분석선착순입장pfkakaocomtkKdxl
2020,코로나백신관련테마주분석선착순입장pfkakaocomtkKdxl
2020,코로나백신관련테마주분석선착순입장pfkakaocomtkKdxl
2020,코로나백신관련테마주분석선착순입장pfkakaocomtkKdxl
2020,코로나백신관련테마주분석선착순입장pfkakaocomtkKdxl
2020,코로나백신관련테마주분석선착순입장pfkakaocomtkKdxl
2020,코로나백신관련테마주분석선착순입장pfkakaocomtkKdxl
2020,코로나백신관련테마주분석선착순입장pfkakaocomtkKdxl
2020,코로나백신관련테마주분석선착순입장pfkakaocomtkKdxl
2020,코로나백신관련테마주분석선착순입장pfkakaocomtkKdxl
2020,코로나백신관련테마주분석선착순입장pfkakaocomtkKdxl
2020,코로나백신관련테마주분석선착순입장pfkakaocomtkKdxl
2020,코로나백신관련테마주분석선착순입장pfkakaocomtkKdxl
2020,코로나백신관련테마주분석선착순입장pfkakaocomtkKdxl
2020,코로나백신관련테마주분석선착순입장pfkakaocomtkKdxl
2020,코로나백신관련테마주분석선착순입장pfkakaocomtkKdxl
2020,코로나백신관련테마주분석선착순입장pfkakaocomtkKdxl
2020,코로나백신관련테마주분석선착순입장pfkakaocomtkKdxl
2020,코로나백신관련테마주분석선착순입장pfkakaocomtkKdxl
2020,코로나백신관련테마주분석선착순입장pfkakaocomtkKdxl
2020,코로나백신관련테마주분석선착순입장pfkakaocomtkKdxl
2020,갤럭시z폴드선착순특가구매dokdoinRs무료거부
2020,갤럭시z폴드선착순특가구매dokdoinRs무료거부
2020,갤럭시z폴드선착순특가구매dokdoinRs무료거부
2020,갤럭시z폴드선착순특가구매dokdoinRs무료거부
2020,갤럭시z폴드선착순특가구매dokdoinRs무료거부
2020,갤럭시z폴드선착순특가구매dokdoinRs무료거부
2020,갤럭시z폴드선착순특가구매dokdoinRs무료거부
2020,갤럭시z폴드선착순특가구매dokdoinRs무료거부
2020,코로나백신관련테마주분석선착순입장pfkakaocomtkKdxl
2020,코로나백신관련테마주분석선착순입장pfkakaocomtkKdxl
2020,코로나백신관련테마주분석선착순입장pfkakaocomtkKdxl
2020,코로나백신관련테마주분석선착순입장pfkakaocomtkKdxl
2020,코로나백신관련테마주분석선착순입장pfkakaocomtkKdxl
2020,코로나백신관련테마주분석선착순입장pfkakaocomtkKdxl
2020,코로나백신관련테마주분석선착순입장pfkakaocomtkKdxl
2020,코로나백신관련테마주분석선착순입장pfkakaocomtkKdxl
2020,코로나백신관련테마주분석선착순입장pfkakaocomtkKdxl
2020,코로나백신관련테마주분석선착순입장pfkakaocomtkKdxl
2020,코로나백신관련테마주분석선착순입장pfkakaocomtkKdxl
2020,코로나백신관련테마주분석선착순입장pfkakaocomtkKdxl
2020,코로나백신관련테마주분석선착순입장pfkakaocomtkKdxl
2020,코로나백신관련테마주분석선착순입장pfkakaocomtkKdxl
2020,코로나백신관련테마주분석선착순입장pfkakaocomtkKdxl
2020,코로나백신관련테마주분석선착순입장pfkakaocomtkKdxl
2020,코로나백신관련테마주분석선착순입장pfkakaocomtkKdxl
2020,코로나백신관련테마주분석선착순입장pfkakaocomtkKdxl
2020,코로나백신관련테마주분석선착순입장pfkakaocomtkKdxl
2020,코로나백신관련테마주분석선착순입장pfkakaocomtkKdxl
2020,코로나백신관련테마주분석선착순입장pfkakaocomtkKdxl
2020,코로나백신관련테마주분석선착순입장pfkakaocomtkKdxl
2020,코로나백신관련테마주분석선착순입장pfkakaocomtkKdxl
2020,코로나백신관련테마주분석선착순입장pfkakaocomtkKdxl
2020,코로나백신관련테마주분석선착순입장pfkakaocomtkKdxl
2020,코로나백신관련테마주분석선착순입장pfkakaocomtkKdxl
2020,코로나백신관련테마주분석선착순입장pfkakaocomtkKdxl
2020,코로나백신관련테마주분석선착순입장pfkakaocomtkKdxl
2020,코로나백신관련테마주분석선착순입장pfkakaocomtkKdxl
2020,코로나백신관련테마주분석선착순입장pfkakaocomtkKdxl
2020,코로나백신관련테마주분석선착순입장pfkakaocomtkKdxl
2020,코로나백신관련테마주분석선착순입장pfkakaocomtkKdxl
2020,코로나백신관련테마주분석선착순입장pfkakaocomtkKdxl
2020,코로나백신관련테마주분석선착순입장pfkakaocomtkKdxl
2020,코로나백신관련테마주분석선착순입장pfkakaocomtkKdxl
2020,코로나백신관련테마주분석선착순입장pfkakaocomtkKdxl
2020,코로나백신관련테마주분석선착순입장pfkakaocomtkKdxl
2020,코로나백신관련테마주분석선착순입장pfkakaocomtkKdxl
2020,코로나백신관련테마주분석선착순입장pfkakaocomtkKdxl
2020,코로나백신관련테마주분석선착순입장pfkakaocomtkKdxl
2020,코로나백신관련테마주분석선착순입장pfkakaocomtkKdxl
2020,코로나백신관련테마주분석선착순입장pfkakaocomtkKdxl
2020,코로나백신관련테마주분석선착순입장pfkakaocomtkKdxl
2020,코로나백신관련테마주분석선착순입장pfkakaocomtkKdxl
2020,코로나백신관련테마주분석선착순입장pfkakaocomtkKdxl
2020,코로나백신관련테마주분석선착순입장pfkakaocomtkKdxl
2020,코로나백신관련테마주분석선착순입장pfkakaocomtkKdxl
2020,코로나백신관련테마주분석선착순입장pfkakaocomtkKdxl
2020,코로나백신관련테마주분석선착순입장pfkakaocomtkKdxl
2020,코로나백신관련테마주분석선착순입장pfkakaocomtkKdxl
2020,코로나백신관련테마주분석선착순입장pfkakaocomtkKdxl
2020,코로나백신관련테마주분석선착순입장pfkakaocomtkKdxl
2020,코로나백신관련테마주분석선착순입장pfkakaocomtkKdxl
2020,코로나백신관련테마주분석선착순입장pfkakaocomtkKdxl
2020,코로나백신관련테마주분석선착순입장pfkakaocomtkKdxl
2020,코로나백신관련테마주분석선착순입장pfkakaocomtkKdxl
2020,코로나백신관련테마주분석선착순입장pfkakaocomtkKdxl
2020,코로나백신관련테마주분석선착순입장pfkakaocomtkKdxl
2020,코로나백신관련테마주분석선착순입장pfkakaocomtkKdxl
2020,코로나백신관련테마주분석선착순입장pfkakaocomtkKdxl
2020,코로나백신관련테마주분석선착순입장pfkakaocomtkKdxl
2020,코로나백신관련테마주분석선착순입장pfkakaocomtkKdxl
2020,코로나백신관련테마주분석선착순입장pfkakaocomtkKdxl
2020,코로나백신관련테마주분석선착순입장pfkakaocomtkKdxl
2020,코로나백신관련테마주분석선착순입장pfkakaocomtkKdxl
2020,코로나백신관련테마주분석선착순입장pfkakaocomtkKdxl
2020,코로나백신관련테마주분석선착순입장pfkakaocomtkKdxl
2020,코로나백신관련테마주분석선착순입장pfkakaocomtkKdxl
2020,코로나백신관련테마주분석선착순입장pfkakaocomtkKdxl
2020,코로나백신관련테마주분석선착순입장pfkakaocomtkKdxl
2020,코로나백신관련테마주분석선착순입장pfkakaocomtkKdxl
2020,코로나백신관련테마주분석선착순입장pfkakaocomtkKdxl
2020,코로나백신관련테마주분석선착순입장pfkakaocomtkKdxl
2020,코로나백신관련테마주분석선착순입장pfkakaocomtkKdxl
2020,코로나백신관련테마주분석선착순입장pfkakaocomtkKdxl
2020,코로나백신관련테마주분석선착순입장pfkakaocomtkKdxl
2020,코로나백신관련테마주분석선착순입장pfkakaocomtkKdxl
2020,코로나백신관련테마주분석선착순입장pfkakaocomtkKdxl
2020,코로나백신관련테마주분석선착순입장pfkakaocomtkKdxl
2020,코로나백신관련테마주분석선착순입장pfkakaocomtkKdxl
2020,코로나백신관련테마주분석선착순입장pfkakaocomtkKdxl
2020,코로나백신관련테마주분석선착순입장pfkakaocomtkKdxl
2020,코로나백신관련테마주분석선착순입장pfkakaocomtkKdxl
2020,코로나백신관련테마주분석선착순입장pfkakaocomtkKdxl
2020,코로나백신관련테마주분석선착순입장pfkakaocomtkKdxl
2020,코로나백신관련테마주분석선착순입장pfkakaocomtkKdxl
2020,코로나백신관련테마주분석선착순입장pfkakaocomtkKdxl
2020,코로나백신관련테마주분석선착순입장pfkakaocomtkKdxl
2020,코로나백신관련테마주분석선착순입장pfkakaocomtkKdxl
2020,코로나백신관련테마주분석선착순입장pfkakaocomtkKdxl
2020,코로나백신관련테마주분석선착순입장pfkakaocomtkKdxl
2020,코로나백신관련테마주분석선착순입장pfkakaocomtkKdxl
2020,코로나백신관련테마주분석선착순입장pfkakaocomtkKdxl
2020,코로나백신관련테마주분석선착순입장pfkakaocomtkKdxl
2020,코로나백신관련테마주분석선착순입장pfkakaocomtkKdxl
2020,코로나백신관련테마주분석선착순입장pfkakaocomtkKdxl
2020,코로나백신관련테마주분석선착순입장pfkakaocomtkKdxl
2020,코로나백신관련테마주분석선착순입장pfkakaocomtkKdxl
2020,코로나백신관련테마주분석선착순입장pfkakaocomtkKdxl
2020,코로나백신관련테마주분석선착순입장pfkakaocomtkKdxl
2020,코로나백신관련테마주분석선착순입장pfkakaocomtkKdxl
2020,코로나백신관련테마주분석선착순입장pfkakaocomtkKdxl
2020,코로나백신관련테마주분석선착순입장pfkakaocomtkKdxl
2020,코로나백신관련테마주분석선착순입장pfkakaocomtkKdxl
2020,코로나백신관련테마주분석선착순입장pfkakaocomtkKdxl
2020,코로나백신관련테마주분석선착순입장pfkakaocomtkKdxl
2020,코로나백신관련테마주분석선착순입장pfkakaocomtkKdxl
2020,코로나백신관련테마주분석선착순입장pfkakaocomtkKdxl
2020,코로나백신관련테마주분석선착순입장pfkakaocomtkKdxl
2020,코로나백신관련테마주분석선착순입장pfkakaocomtkKdxl
2020,코로나백신관련테마주분석선착순입장pfkakaocomtkKdxl
2020,코로나백신관련테마주분석선착순입장pfkakaocomtkKdxl
2020,코로나백신관련테마주분석선착순입장pfkakaocomtkKdxl
2020,코로나백신관련테마주분석선착순입장pfkakaocomtkKdxl
2020,코로나백신관련테마주분석선착순입장pfkakaocomtkKdxl
2020,코로나백신관련테마주분석선착순입장pfkakaocomtkKdxl
2020,코로나백신관련테마주분석선착순입장pfkakaocomtkKdxl
2020,코로나백신관련테마주분석선착순입장pfkakaocomtkKdxl
2020,코로나백신관련테마주분석선착순입장pfkakaocomtkKdxl
2020,코로나백신관련테마주분석선착순입장pfkakaocomtkKdxl
2020,코로나백신관련테마주분석선착순입장pfkakaocomtkKdxl
2020,코로나백신관련테마주분석선착순입장pfkakaocomtkKdxl
2020,코로나백신관련테마주분석선착순입장pfkakaocomtkKdxl
2020,코로나백신관련테마주분석선착순입장pfkakaocomtkKdxl
2020,코로나백신관련테마주분석선착순입장pfkakaocomtkKdxl
2020,코로나백신관련테마주분석선착순입장pfkakaocomtkKdxl
2020,코로나백신관련테마주분석선착순입장pfkakaocomtkKdxl
2020,코로나백신관련테마주분석선착순입장pfkakaocomtkKdxl
2020,코로나백신관련테마주분석선착순입장pfkakaocomtkKdxl
2020,코로나백신관련테마주분석선착순입장pfkakaocomtkKdxl
2020,코로나백신관련테마주분석선착순입장pfkakaocomtkKdxl
2020,코로나백신관련테마주분석선착순입장pfkakaocomtkKdxl
2020,코로나백신관련테마주분석선착순입장pfkakaocomtkKdxl
2020,코로나백신관련테마주분석선착순입장pfkakaocomtkKdxl
2020,코로나백신관련테마주분석선착순입장pfkakaocomtkKdxl
2020,코로나백신관련테마주분석선착순입장pfkakaocomtkKdxl
2020,코로나백신관련테마주분석선착순입장pfkakaocomtkKdxl
2020,코로나백신관련테마주분석선착순입장pfkakaocomtkKdxl
2020,코로나백신관련테마주분석선착순입장pfkakaocomtkKdxl
2020,코로나백신관련테마주분석선착순입장pfkakaocomtkKdxl
2020,코로나백신관련테마주분석선착순입장pfkakaocomtkKdxl
2020,코로나백신관련테마주분석선착순입장pfkakaocomtkKdxl
2020,광고NAMEDBIT슈어인증첫분PA볼오픈주소nnbabccom코드본점무료거부FW
2020,광고돈없던내가앞서갈수있었던이유gggglkz무료거부
2020,단기간평균전원수익달성상담안내▼httpclickgltCnU
2020,광고월초한도up폰카드예약상담환영카ㅌdm상담☎무료거부
2020,kakaovvipcomcc카카오투자당일만
2020,광고부자되시라고원그냥드렸어요코드reurlkrDBCDQN무료거부
2020,광고분마다적립되는현금asrreqcom무료수신거부인증FW
2020,광고바로원쏴요출가능지오me무료거부
2020,광고vic카함께하는롤리없어콤프있다btk무료거부
2020,광고뉴신규GANGNAM메이드복같이연애httpbItLygjap무료거부
2020,광고공식라이센스이정우님컴퓨터분석통계시스템▶lcojpavdu무료거부
2020,광고메이저가잎시이만큼DREAMSＫR⑤COM
2020,광고뉴신규GANGNAM메이드복같이연애httpbItLyDedJS무료거부
2020,UTOPIA시분까지이벤트진행카턱UTA
2020,광고DAYTrading외환황율트레이드로여유금만들기httpgggglkd무료거부
2020,광고메이저가잎시이만큼DREAMSＫR⑤COM
2020,광고C느바재개토요진행쪽지필독쭈소COCO채널ASC무료거부
2020,광고가난은죄가아닙니다죽을때가난은죄httptmkrXRaSY무료거부
2020,광고메이저가잎시이만큼DREAMSＫR⑤COM
2020,광고pm전입장시만☎ROOMCLUB강남베리굿무료거부
2020,광고메이저가잎시이만큼DREAMSＫR⑤COM
2020,광고httpsiiiimssVk멈춰만있는당신자산이제늘려야합니다무료거부
2020,광고바로원쏴요출가능이즈me무료거부
2020,광고pm전입장시만☎ROOMCLUB강남베리굿무료거부
2020,광고pm전입장시만☎ROOMCLUB강남베리굿무료거부
2020,광고니츼발정나서별령거려무료수신거부
2020,광고가진게없는내가사장이된재산관리중요성httpclickglwDMnxv무료거부
2020,광고네이버밴드당신을초대합니다bitlyFDSSASXC무료수신거부인증
2020,바로환급만채널초대▼httpxcokravjv
2020,httpshanglHqWov다시한번보내달라는요청이많아한번더보내드립니다
2020,바이너리옵션예치금원상승배실현금원안심링크▼httpgggglkx
2020,광고골드클럽채널입니다금시세실현보기http플러스친구ccokr무료수신거부
2020,광고BNC한고은과함께동전을수표로httpbandservercom무료거부
2020,광고공식인서세화님리딩멤버中담당자배치見확인▶urlkrZVuDs무료거부
2020,광고직장인을위한재무설계평균만원수익발생wytesncom요청무료거부
2020,광고직장인을위한재무설계평균만원수익발생wytesncom요청무료거부
2020,hangloRcyV단한번의문의로꿈을이룰수있는성공의길로안내해드리겠습니다
2020,광고직장인을위한재무설계평균만원수익발생wytesncom요청무료거부
2020,광고VIP회원공지상반기평균순이익만원달성wytesncom안내무료거부
2020,광고httpsiiiimssVk멈춰만있는당신자산이제늘려야합니다무료거부
2020,광고서민갑부TV방영빚쟁이에서이걸알고자산가로ramotycom정보무료거부
2020,광고대리집으로천사B님점무료수신거부
2020,hangloRcyV단한번의문의로꿈을이룰수있는성공의길로안내해드리겠습니다
2020,TOP★매번천원차액신규고객
2020,광고A♠대리님▶첨만추가◎항상적립무료거부
2020,광고call시대리drive운전카드결재사은품증정무료거부
2020,광고님눌러주세요안전주행하겠습니다무료거부
2020,광고대리번부르면번쨰그냥모십니다무료거부
2020,광고님☎▶안심도착▶원적립무료거부
2020,광고컨싱딴다알아요♡무료거부
2020,광고님눌러주세요안전주행하겠습니다무료거부
2020,광고swety마싯게해줄게무료거부
2020,광고보라미할때크기보다♡감정교감이더중요해요수신거부
2020,광고SKTEL유혹해줘바로누워난♡무료거부
2020,광고안심귀가술잔을후엔절대로핸들은NO무료수신거부
2020,광고집GOGO술잔을후엔절대로핸들은NO원적립매일무료수신거부
2020,광고돌아다니지마시고여기자리잡으세요HⓗeeDAbizcodena무료수신거부
2020,주드림시큐리티본인확인인증번호는입니다정확히입력해주세요
2020,BAND인증번호분이내에입력해주세요
2020,광고승무패오늘일▶만일욜시Time월요일무한무료거부
2020,하나승인추경원일시불우리농산물할인마트누적원
2020,구월이오는소리들으며풍롭고넉넉한희망의가을준비하는행복한한주되세요현대해상대출실장박정순
2020,광고힘찬타율무｜상｜배｜포참여무료거부
2020,박홍규님헌혈주기일입니다생명을살리는헌혈그고귀한사랑실천을부탁드립니다
2020,현대카드블루멤버스승인도탁원개월번가누적원
2020,문성환사조오양▲상월마지막날깔끔하게상먹습니다월새출발하실분답장
2020,월말내계좌로들어오는방법어떻게krpeqJp
2020,하나은행고객님대출모두상환되었습니다
2020,광고인더머니장기간은힘듭니다요새는단타로▼httpskoglyoW무료거부
2020,알바모집합니다간단한출장업무적국구채용남녀무관당일결제일당카톡추가요tk
2020,광고HDcbitlygyCeRc메시지로필림형남성여성무료수신거부
2020,광고지치고괴로울때희망은찾아옵니다httpshanglZUw무료거부
2020,광고상위프로편하게수익보자하루까지무료체험httpskrpeMmP무료거부
2020,투광고MAKEFLY기회가왔을때잡아야합니다waglaoCP무료거부
2020,광고httpnewsocomn이것으로내자녀도금수저가된다무료거부
2020,광고MAKEFLY당신의동아줄을바로잡으세요일실현iiiimjmSn무료거부
2020,광고피지컬월마무리점심시간시엠바추가여배응원ppLALA
2020,광고카카오모임방httpasqkrIlOmTXnbwji금일금거래↑무료거부
2020,광고용기있는사람이멈춘재산을늘립니다httpsiiiimcSdU무료거부
2020,광고김종민님AI프로그램자본복구계획정예멤버▶tmkrLVSru무료거부
2020,투자자들이미치는이유꾸준하게메스컴을타지않는종목krpeZLl
2020,광고코인단타체결공개확실치않은건코인으로해결httptwrkrQse무료거부
2020,일만에이상벌수있는방법krpeKx
2020,광고미래김재훈▶사조씨푸드급등완료후불문의등록무료거부
2020,광고LottoRichbraincontentskrlsc회억실제등탄생무료거부
2020,광고미래김수호▶사조씨푸드▲금일종가입장후납제동참무료거부
2020,코로나에맞선전주시대응소개월호발행daumjeonjugokr
2020,광고LottoRichbraincontentskrlsc회억실제등탄생무료거부
2020,광고단타방법공개일종토방들어오세요무료방안내▼asqkras무료거부
2020,인증번호카카오계정인증번호입니다
2020,광고뉴신규GANGNAM서연다슬함께술httpbitlyGKiB무료거부
2020,광고LP댄스★BIG이벤트개인레슨시간정가기준할인※수신거부
2020,온라인강의에대한방침이바뀌고있으니문자확인꼭하기바랍니다
2020,광고뉴신규GANGNAM서연다슬함께술httpbitlyEOlMk무료거부FW
2020,온라인강의에대한방침이바뀌고있으니문자확인꼭하기바랍니다
2020,이동통신결제서류없이현금으로사용분내okOK카톡bo
2020,듀광고가정용인터넷통신사교체신청하세요원장려금제공무료거부
2020,광고가정용인터넷통신사교체신청하세요원장려금제공무료거부
2020,상해는바로질병은일부터혜택받는치아보장꼭이용하세요KB카드최유미
2020,광고알파코인일일만원선착순명httpskoglhd무료거부
2020,광고ffuUn이성과안전하게전화♥만ㄴ남무료거부
2020,광고유수진wetogetherusa소중한당신을기다립니다무료거부
2020,광고httpasqkrFSqMJuhiKP대박주행운쿠폰도착무료거부
2020,광고이나은주식주간무료운영문자로참여라고답변주세요무료수신거부
2020,광고httpskoglwe법인재무설계사의관리재무관리의중요성무료거부
2020,광고탑TOP고객님을초대합니다atⓣcom무료거부
2020,광고빈티지랜드드디어시즌오프점세일wwwvintagelandcokr무료거부
2020,광고간단한불러그아르바이트제안차연락드립니다원고제공건지급무료거부
2020,현명한투자주식투자NO이제는※금테크※httpskrpeOVb
2020,광고LottoRichbraincontentskrlsc회억실제등탄생무료거부
2020,직원모집매주일월남세여세톡aatime℡
2020,광고httpskoglwe법인재무설계사의관리재무관리의중요성무료거부
2020,NH농협은행이윤정님농협은행계좌압류건강보험공단에확인☎
2020,광고스마트시대httpsiiiimyiqS용기있는사람이내자산늘릴수있다무료거부
2020,인증번호카카오페이타인노출금지
2020,청첩장♥토요일시많은축복부탁드립니다수호♥연정오시는길↓volaxinxv
2020,청첩장♥토요일시많은축복부탁드립니다수호♥연정오시는길↓volaxinxv
2020,누구나가능한매월어떻게httpskrpeRd
2020,광고httpisgdOiA최악경제이거해서매달만원무료거부
2020,광고이현정의자택업무입만출만httpgadausKSeI무료거부
2020,광고인생멘토김은진NAVER소개합니다wekoreausa무료거부
2020,광고개통한지점입니다◆S노트◆명한정무료◆성함남겨주세요무료거부
2020,광고BC시그널제공￦☞gggglxfej버는방법무료공유무료거부
2020,광고인생멘토김은진NAVER소개합니다wekoreausa무료거부
2020,엔팩스로그인허용인증번호타인노출금지
2020,광고알파코인단만원만원도전기확인httpskoglafcoin무료거부
2020,광고이희환님시드머니최소↑자본증가전문가배정tmkrlgwF무료거부
2020,광고일이필요할땐동해소개소를찾아주세요호태풍조심코로나조심무료거부
2020,정영웅큐브엔터원풍물산내일집중하세요되는사람은이유가있어요무료거부
2020,광고HEVEN원풍물산이랜시스진입완료월주력주진입하실분답변무료거부
2020,최동헌리더스기술투자이랜시스월엔정보력도없는주식은그만관망그만하고연락주세요
2020,광고httpdionnekr평균日기준만원색달른방식무료거부
2020,권헉산리더스기술투자이랜시스월엔정보력도없는주식은그만관망그만하고연락주세요
2020,권헉산리더스기술투자이랜시스월엔정보력도없는주식은그만관망그만하고연락주세요
2020,민정엄마→빚청산탈출만원으로만원입금확인↓httpsbandnewcomhomepost
2020,광고김동환▶이랜시스시진입내일체크하시고문의답변무료거부
2020,광고개통한지점입니다◆S노트◆명한정무료◆성함남겨주세요무료거부
2020,시간은돈이다직장인부업분→만원입금↓httpsbandnewcomcafepost
2020,최윤성▶큐브엔터▶원풍물산가망없는종목에기대하지마세요제가알려드릴게요
2020,♧가벼운마음으로시작♧분으로만→당일입금httpsbandusioblog
2020,더존소액한도초기화소액정보카드현금화전부가능더존티켓com톡ticket
2020,안녕하세요개통하신대리점광고▷무료▷최신노트▷이름◁적어주세요무료거부
2020,안녕하세요개통하신대리점광고▷무료▷최신노트▷이름◁적어주세요무료거부
2020,광고연경지구아파트정문앞상가약국편의점학원실투자천청약제무료거부
2020,광고럭키대리◀천원할인해서기본▶만원무료거부
2020,광고swety▲지루하지않게무료거부
2020,광고보라☞미☜따라올수없는수위가득♥수신거부
2020,광고b보라미어때요화끈하게롱타임♥무료거부
2020,박서연님질문하신내용에답변이등록되었습니다
2020,국가건강검진통지서내용보기atrigtyhnltd
2020,광고아이솔루션증권평생무료방httpsopenkakaocomogIkGonsc무료거부
2020,마카롱택시인증번호을입력해주세요pSHjREIcPQ
2020,땡큐마켓본인확인인증번호는입니다
2020,하나승인최리원일시불네이버페이누적원
2020,하나은행본인인증인증번호를입력해주세요dYHxbVwg
2020,김민기신테카상한봤죠취미생활로익절하실분만손들기무료거부인증
2020,광고수완한국아델리움타운하우스대형평수사전청약접수무료거부
2020,가족과함께하는즐거운한가위되세요전국회의원이현재올림
2020,농협자동입금원KB가맹점대금잔액원
2020,『국민의힘』시당위원장이학재입니다위로와희망이되는추석명절보내세요
2020,광고제테크참가하셔서달에천이상가져가세요rbgyofhpq무료거부
2020,안녕하세요개통한대리점광고▶삼성노트▶명무료▶이름남겨주세요무료거부
2020,『한가위특가』하태임회원비아끼다가원금날립니다연월무료거부
2020,광고엑스원노태성장주혁스팟▲분기마지막수익열차를잡아라
2020,광고DK투자참가하셔서달에이상가져가세요tmkrmVzmo무료거부
2020,더프리미엄스터디카페입니다등록기간이만료되었으나짐이아직남아있어연락
2020,광고LottoRichlottorichcomlsth가지추석선물최대만천원할인무료거부
2020,추석소원성취꽃꽃이스게되고뽕가게만듬추석Pushttpwwwbasohkr
2020,광고nuuf여기선암캐♡무료거부
2020,광고오까네추석맞이할인쿠폰온오프라인전상품월까지무료거부
2020,광고오까네추석맞이할인쿠폰온오프라인전상품월까지무료거부
2020,우수고객명폰개통했던점이갤럭시노트만원성함주셔용
2020,광고광주수와ㄴ타운하우스아델리움대형정원펜트청약접수中무료수신거부
2020,배달의민족인증번호를입력하세요
2020,덕평쿠팡E팀내일오전조오후조문자신청바랍니다연휴기간휴일근로수당지급
2020,광고부자들의투자불변의습관httpasqkrbm이걸로한달천무료거부
2020,명한정폰개통했던점에서오늘☆스팟☆갤럭시노트만원성함보내유
2020,광고RND예상팀마지막발송예상팀조합수신청hadodeonpha무료수신거부
2020,광고부자들의투자불변의습관▶httpasqkrbm이걸로한달천무료거부
2020,오늘폰개통했던개통점에서갤럭시노트만원이름문자남기십시요요
2020,광고부자들의투자불변의습관▶httpasqkrbm이걸로한달천무료거부
2020,♥은석환텔콘RF제약신테카바이오상한고민은NO내미신손잡아드릴게요문의
2020,세이프캐시월일휴면회원전환예정httpsbankscokrdugrUqAh
2020,광고부자들의투자불변의습관▶httpasqkrbm이걸로한달천무료거부
2020,광고한국테라스수완동사전접수중평전세대테라스전매가능무료거부
2020,광고하우투하우투의안전성상품으로손실회복▶gadausbeWTbk무료거부
2020,부고공지남김재식집사장인상행사실윤철집사장인상빈소부산영도구민장례식장
2020,광고억단위가넘는부채만원으로시작반년만에부채정리asqkrhrth무료거부
2020,광고억단위가넘는부채만원으로시작반년만에부채정리asqkrhrth무료거부
2020,집사님힘든시기지만주님의평강이가정과생업에축복이넘치시길기도합니다
2020,광고행복erthskr성공가까이있습니다무료거부
2020,광고SIXLoL업댓쪽지참고♬즐추석되세요sⓘx⑦무료거부인증
2020,광고중마참고깃간양념돼지갈비kg만원한우불고기g원내일까지무료거부
2020,코로나로힘든명절이지만마음만은풍요로운추석되세요시흥을지켜가는사람들장재철排上
2020,광고실행하지않으면이룰수도없는법patccokr무료거부
2020,민성재입회주일차누적수익률↑월준비얼마매수할수있으세요무료거부
2020,광고EJivt알아보기cc▲후기및인증▲손ㅡ실걱정X평균↑무료거부
2020,광고하우투하우투의안전성상품으로손실회복▶gadausbeWTbk무료거부
2020,광고EJivt알아보기cc▲후기및인증▲손ㅡ실걱정X평균↑무료거부
2020,폰개통했던개통점이갤럭시노트만원이름주는데요제발전화하지마유
2020,광고티켓안녕하세요휴대폰업체입니다SKTLGUKT전부가능무료거부
2020,도록노력하겠습니다안전하게명절잘보내시고월에뵙겠습니다감사합니다
2020,광고모든부채정리하기단돈만으로시작httpbitlygwe무료거부
2020,토스월일이용약관이변경되어안내드립니다httptossimnotice
2020,광고광주수완한국타운하우스신규오픈최초엘베도입예약제운영무료거부
2020,CJ대한통운보이는ARS입니다아래URL을클릭해주세요tInyUrLCOMynuadh
2020,광고광주수완한국타운하우스신규오픈최초엘베도입예약제운영무료거부
2020,토스월일이용약관이변경되어안내드립니다httptossimnotice
2020,토스월일이용약관이변경되어안내드립니다httptossimnotice
2020,현대백화점SMS인증번호타인에게유출금지
2020,건강지키미월일휴면회원전환예정httpsmyhmcokreZwELYZ
2020,광고제일부자들의선택마감만원이동▼jeiltojacom무료거부
2020,토스월일이용약관이변경되어안내드립니다httptossimnotice
2020,신한입금잔액전훈
2020,광고제일초대한마디면▶원wwwjgfundingcom무료거부
2020,광고코인♥추석행사♥만쿠폰입금손해복구cvpcm무료거부
2020,토스월일이용약관이변경되어안내드립니다httptossimnotice
2020,광고고객맞춤관리컨설팅담당자박민우investementecom무료거부
2020,윤한홍국회의원입니다무거운근심걱정잠시내려놓고가족과함께편안한추석보내십시오
2020,토스월일이용약관이변경되어안내드립니다httptossimnotice
2020,국회의원최형두추석인사드립니다모처럼가족이웃과서로격려하고희망나누시길빕니다
2020,광고제일초대한마디로원문의ceopswcom무료거부
2020,CJ대한통운보이는ARS입니다아래URL을클릭해주세요TINyurlcoMyxnek
2020,광고SGBTC하나도모르는데문자하나로대박났습니다clickglznzC무료거부
2020,토스월일이용약관이변경되어안내드립니다httptossimnotice
2020,토스월일이용약관이변경되어안내드립니다httptossimnotice
2020,퍼시픽렌트카전자계약서입니다httprfmejdcyjwpzbx
2020,광고울산FSL연휴정상영업방역완료KTR연락주세요무료거부
2020,광고NAVERBAND초대권bandocokr무료거부
2020,광고억단위부채시작반년만에정리httpbitlygwe무료거부
2020,광고억단위부채시작반년만에정리httpbitlygwe무료거부
2020,거리두기하시면서즐겁고행복한추석명절되시기바랍니다♣성원부동산☎
2020,광고럽미의추석선물연휴기간전상품무료배송중♥lovemekr무료수신거부
2020,광고울산FSL연휴정상영업방역완료KTR연락주세요무료거부
2020,토스월일이용약관이변경되어안내드립니다httptossimnotice
2020,현대카드theRed승인최형원일시불씨유제주삼화부누적원
2020,광고구천Dㅐ리첨일만답례품포인트이후이용마다만답례품무료거부
2020,광고내일두산한화롯데LG가입주eo소무료수신거부
2020,토스월일이용약관이변경되어안내드립니다httptossimnotice
2020,토스월일이용약관이변경되어안내드립니다httptossimnotice
2020,토스월일이용약관이변경되어안내드립니다httptossimnotice
2020,광고내일두산한화롯데LG무료주eo소무료수신거부
2020,광고대리님최초두번이후계속적립됩니다무료수신거부
2020,광고구천Dㅐ리첨일만답례품포인트이후이용마다만답례품무료거부
2020,광고내일두산한화롯데LG가입주eo소무료수신거부
2020,토스월일이용약관이변경되어안내드립니다httptossimnotice
2020,토스월일이용약관이변경되어안내드립니다httptossimnotice
2020,토스월일이용약관이변경되어안내드립니다httptossimnotice
2020,토스월일이용약관이변경되어안내드립니다httptossimnotice
2020,억시제인증업체신규l만무상지급재제없이초보자도사용가능▶soⓒcom
2020,광고나우대리님만원천원무료거부
2020,광고금대리경기인천서울이용번시원또는금반돈무료거부
2020,광고국민대리님　♣행복한주말♣배차도무료거부
2020,광고나우대리님만원천원무료거부
2020,광고보라미외로우니까같이할사람찾아♥수신거부
2020,온나PC방오늘월일부터시정상영업합니다많은이용부탁드립니다
2020,주인벤본인확인인증번호는입니다정확하게입력해주세요
2020,한샘본인확인인증번호는입니다정확히입력해주세요
2020,토스월일이용약관이변경되어안내드립니다httptossimnotice
2020,쿠쿠김은영고객님의본인인증번호는입니다
2020,번으로Instagram계정을인증하세요ig
2020,광고드으흐다시찾는이유무료거부
2020,광고수성호반써밋★그랜드오픈★코로나로방문예약만관람가능무료거부인증
2020,집에서간단하게일평균분→만원입금↓poststoryinmain
2020,광고TX보너스시까지cgb무료거부
2020,광고위더스NAVER위의투자만원과휴대폰okhttpsppomoccuwuol무료거부
2020,광고박태환사전청약황금동sk리더스뷰코너상가재개발확정실투자억무료거부
2020,차재난지원금신청지급안내lhhdyeicu
2020,제의월급→행복의부업매일만↑→당일입금↓httppoststoryinview
2020,광고YTA동행지금신청마지막주예측번호신청hadoTTBR무료수신거부
2020,광고YTA동행지금신청마지막주예측번호신청hadoTTBR무료수신거부
2020,광고에㉸ㅁ텔레grammca▼▼▼▼vcaC오ⓜ무료수신거부
2020,광고불경기에투자계의혁명clickglcIOwS무료거부
2020,주ThePublic월누적수익률월일자정보확인httptpbjhscom
2020,광고위더스NAVER위의투자만원과휴대폰okhttpsppomoccuwuol무료거부
2020,광고불경기에투자계의혁명clickglxWIzs무료거부
2020,양성범마지막날입니다회원님만아직고민중이군요월요일최저점진입일특가월답
2020,광고주먈할로윈모르세요꺠툑SM무료거부
2020,광고불경기에투자계의혁명clickglMoacE무료거부
2020,광고공단기급♥회원님만만원♥급프패교재권무료수신거부
2020,광고Kb추천분마다상승하는내잔액kakaclub무료거부
2020,광고주사람이들이지금열광하는이유바로가기httpskoglYt무료거부
2020,택배를현관앞에보관및전달하였습니다미수령시연락주세요우체국택배
2020,년차인증매이저마지막초대VＩP한정신규만무료증정코G드▶ABC②co
2020,년차인증매이저마지막초대VＩP한정신규만무료증정코G드▶ABC②co
2020,황윤경출금잔액원
2020,광고티볼리와코란도재고차최대프로할인쌍용인천임동모무료거부
2020,광고위더스NAVER위의투자만원과휴대폰okhttpsppomoccuwuol무료거부
2020,년차인증매이저마지막초대VＩP한정신규만무료증정코G드▶KSⓣTco
2020,김혜자님VIP초대장발급권httpswmboxcom■바로확인■수익률
2020,년차인증매이저마지막초대VＩP한정신규만무료증정코G드▶TTⓡSco
2020,광고우리신규원사장님께드립니다입장♥MBT무료거부
2020,차재난지원금신청지급안내vceeduecool
2020,년차인증매이저마지막초대VＩP한정신규만무료증정코G드▶TTⓡSco
2020,사용자의인증코드는TikTok입니다
2020,LIVE스코어인증번호※나눔사기주의sWohOtZF
2020,년차인증매이저마지막초대VＩP한정신규만무료증정코G드▶RSQ⑧Sco
2020,성공은가까이있습니다이것으로비법공개blogdaumnetnanumnl
2020,년차인증매이저마지막초대VＩP한정신규만무료증정코G드vv⑤mmco
2020,년차인증매이저마지막초대VＩP한정신규만무료증정코G드vv⑤mmco
2020,년차인증매이저마지막초대VＩP한정신규만무료증정코G드▶XGⓞDco
2020,년차인증매이저마지막초대VＩP한정신규만무료증정코G드▶XGⓞDco
2020,안녕하세요▣개통처특별행사▣삼성노트▣특별고객명▣무료진행◐이름◑남겨주세요
2020,안녕하세요▣개통처특별행사▣삼성노트▣특별고객명▣무료진행◐이름◑남겨주세요
2020,년차인증매이저마지막초대VＩP한정신규만무료증정코G드▶TTⓡSco
2020,년차인증매이저마지막초대VＩP한정신규만무료증정코G드▶XGⓞDco
2020,광주최초년전세아파트무진로벨라코트아파트내집마련마지막기회월일금오픈
2020,년차인증매이저마지막초대VＩP한정신규만무료증정코G드▶XGⓞDco
2020,년차인증매이저마지막초대VＩP한정신규만무료증정코G드▶THR②Eco
2020,년차인증매이저마지막초대VＩP한정신규만무료증정코G드▶RSQ⑧Sco
2020,광고양산두산위브차평만원대잔여세대채에특별혜택이연희무료거부
2020,청첩장월일오후시결혼합니다초대장안내httpsbitlyTDUtx
2020,년차인증매이저마지막초대VＩP한정신규만무료증정코G드▶THR②Eco
2020,월직장인친구가건물주실시간상품으로소개해드립니다blogdaumnetms
2020,년차인증매이저마지막초대VＩP한정신규만무료증정코G드xⓧxrco
2020,년차인증매이저마지막초대VＩP한정신규만무료증정코G드▶GOⓖOco
2020,청첩장월일오후시결혼합니다초대장안내httpshanglFuso
2020,년차인증매이저마지막초대VＩP한정신규만무료증정코G드▶GOⓖOco
2020,년차인증매이저마지막초대VＩP한정신규만무료증정코G드▶XGⓞDco
2020,년차인증매이저마지막초대VＩP한정신규만무료증정코G드▶BEE②Rco
2020,년차인증매이저마지막초대VＩP한정신규만무료증정코G드▶BEE②Rco
2020,광고주식손실이상클릭bitlyjEMNtq손실금회복리딩ok무료거부
2020,광고주식손실이상클릭bitlyjEMNtq손실금회복리딩ok무료거부
2020,년차인증매이저마지막초대VＩP한정신규만무료증정코G드▶BEE②RcoFW
2020,년차인증매이저마지막초대VＩP한정신규만무료증정코G드▶BEE②Rco
2020,한샘년월일광고수신에동의함수신동의철회무료전화
2020,한샘년월일광고수신에동의함수신동의철회무료전화
2020,년차인증매이저마지막초대VＩP한정신규만무료증정코G드▶KIⓝGco
2020,김철근tv안철수내년서울시장에출마하나httpsyoutubemsrulRA구독부탁드립니다
2020,요기요세븐일레븐주문접수완료분내외배달예정주문번호
2020,갤러리핏불일회가능httpsbitlyjKoMRN
2020,년차인증매이저마지막초대VＩP한정신규만무료증정코G드▶RSQ⑧Sco
2020,청첩장월일오후시결혼합니다많은축복바랍니다초대장안내httptinyccamsut
2020,년차인증매이저마지막초대ＶIP한정신규만무료증정코G드▶WOW⑥Sco
2020,년차인증매이저마지막초대ＶIP한정신규만무료증정코G드▶WOW⑥Sco
2020,광고KB추천분마다늘어나는내잔액kakaclub무료거부
2020,예매확인예매자박혜림예매번호총장일시
2020,년차인증매이저마지막초대ＶIP한정신규만무료증정코G드▶WOW⑥Sco
2020,년차인증매이저마지막초대VIＰ한정신규l만무료증정코드▶WOW⑥Sco
2020,년차인증매이저마지막초대ＶIP한정신규만무료증정코G드▶KIⓝGco
2020,청첩장월일낮시결혼합니다많은격려와축복바랍니다초대장안내httpsvolaxRILE
2020,청첩장월일낮시결혼합니다많은격려와축복바랍니다초대장안내httpsvolahttT
2020,청첩장월일낮시결혼합니다많은격려와축복바랍니다초대장안내httpsvolaxRILE
2020,아직도장기타시나요▼이제는단타로▼rbgyufqkyh
2020,NICEID본인확인인증번호를입력해주세요
2020,청첩장월일오후시결혼합니다많은축복바랍니다초대장안내httptinyccmauas
2020,청첩장월일낮시결혼합니다많은격려와축복바랍니다volaEGotW오시는길
2020,청첩장월일낮시결혼합니다많은격려와축복바랍니다volaEGotW오시는길
2020,청첩장월일낮시결혼합니다많은격려와축복바랍니다초대장안내httpsvolaxRILE
2020,청첩장월일낮시결혼합니다많은격려와축복바랍니다volaEGotW오시는길
2020,광고나우대리님마일회P회P무료거부
2020,월일오후시결혼합니다격려와축복바랍니다httpsvolaQFU초대장안내
2020,월일오후시결혼합니다격려와축복바랍니다httpsvolaQFU초대장안내
2020,월일오후시결혼합니다격려와축복바랍니다httpsvolaQFU초대장안내
2020,NH카드승인김섭원체크명륜진사갈비문산점
2020,광고골드대리점누적중번이용회무료무료거부
2020,제회번호입니다보너스유니온로또
2020,LongrunPP인증번호
2020,차재난지원금신청지급안내zhbgguru
2020,PC방회원가입인증번호
2020,광고생생정보방송출연일주일이상bendconet무료거부
2020,집꾸미기본인확인인증번호를입력해주세요
2020,NCSOFT인증번호는입니다분내에입력해주세요
2020,NH카드승인민복원체크구글페이먼트코리아유한회사
2020,광고투데이▶경동제약월마지막슈팅월특급정보미리준비하세요무료거부
2020,모아저축은행입니다자금및통합조회가능문자로성함남겨주시면상담도와드리겠습니다
2020,광고월YR위월집중반모집중나도벌자캬튝YR
2020,통지서상세내용xtfueyfan
2020,광고신한선추천종목이상챙겨가시면하실래요답무료거부인증
2020,광고적토마경동제약상한가금요일보내드렸습니다확인후문의무료거부
2020,광고☞카사랑XM★QM전차종원☞연락주세요무료거부인증
2020,해외선물대여미니입니다문자메일주시면hts파일보내드립니다카카오대행업체
2020,광고카카오에서보낸선물이도착했어요mekrywom무료거부
2020,종자돈으로만드는정보이런정보알고계셨나요miraeassetnet
2020,조마드송장CJ현재배송기간은일소요되고있습니다감사합니다
2020,윤주석경동제약소프트센우상▲금일이상시전탑승문의상담거부FW
2020,광고PET최창수가노후자금마련을위한방법공유합니다wagluhk무료거부
2020,렉스엠앤님이주문하신생수상품을배송완료하였습니다
2020,광고카카오에서보낸선물이도착했어요mekrywom무료거부
2020,광고제대로된손익월↑▷tmkrSybW무료거부
2020,광고토곡코오롱하늘채오픈★평당만선착순동호지정총세대남향거부
2020,최영희님주문하신송학건강의료기원완료배송예정문의
2020,광고치고빠지기적합한시기clickglcgSV무료거부
2020,광고상TV최승욱의자산불리는년노하우hanglVmvP무료거부
2020,광고네이버밴드송규진님httpshangliHKq한달만들기시간소요무료거부
2020,광고이걸로나도isgdbrLhAK상위프로등급무료거부
2020,광고당신을네이버밴드로초대합니다httpsbitlysITi무료거부
2020,광고당신을네이버밴드로초대합니다httpsbitlysITi무료거부
2020,광고길in대표의무료종목상담gilnato무료입장↑↑무료거부
2020,광고동행분석팀금주추첨차예상번호신청hadoDTDOL무료수신거부
2020,광고httpisgdWmadN문의하기직장인미래설계대노후설계무료거부
2020,광고fn낮거리전문개조개♡무료거부
2020,광고반디통신엘지SKKT교체인터넷가입혜택현영화무료거부
2020,광고참가하셔서내계좌로천이상어떻게tmkrMeUjN무료거부
2020,광고XX통해서빚정리집과차를구입했습니다↓httpgocoPln무료거부
2020,광고작업대출kakaoIDmy안전합니다무료거부
2020,▶소프트센우상▶경동제약상다음상한가종목찬스드리겠습니다찬스답번박승현팀장
2020,우체국본인인증본인확인을위해인증번호를입력해주세요
2020,광고초청장당신을네이버밴드에초대합니다nanoomgcom무료거부
2020,핸드폰개통처광고▷명에게만무료행사▶노트▶이름을보내주세요수신거부
2020,광고김진희님금시세l일차httpclickglMwOdd당일무료수신거부
2020,배움에는끝이없습니다손실없이성공하는비결blogdaumneteehana
2020,광고네이버밴드에당신을초대합니다httpsisgdvKqkq무료거부
2020,광고쌓여가는빚구매하라는대로구매했더니매주천httpgocoPmN무료거부
2020,광고쌓여가는빚구매하라는대로구매했더니매주천httpgocoPmN무료거부
2020,처음학교로월시까지등록가능하며기한내미등록시선발이취소됩니다
2020,광고SH일만원과휴대폰으로돈벌기httpskrpeEPI무료거부
2020,광고코로나로인한금융위기이거해서매주천httpgocoPmO무료거부
2020,광고NAVER이번달마지막당첨축하해요httpbandeskcomm무료거부
2020,요기요인증번호는입니다위번호를인증창에입력하세요pbQWBvNHjoE
2020,폭풍속에서피어나는꽃들처럼우리도일어날수있습니다httphanatjcom
2020,한마디하겠습니다평균수익률httpkoreasuccessvipcom
2020,봉담제이골프층공고일저녁시정상영업합니다집합금지해당안됨FW
2020,광고MAKE행복한노후팀장이홍장때문에해결wagldDfI무료거부
2020,광고부자가되고싶으면들어오세요눈으로확인하세요httpsmekrgsqln무료거부
2020,광고MAKE행복한미래팀장이민우때문에해결waglLcXv무료거부
2020,월만어렵지않습니다월일금일현재총원확인httpsumkakaopluscom
2020,TLdaxiayypfvigdothomecokr월일금일구입만환급만분소요수령완료
2020,광고자택의인터넷tv교체상당제공무료거부번호인증번호
2020,광고NAVERBNAD월마지막당첨축하해요httpbandhjmcomR무료거부
2020,광고모바일청첩장결혼을축복해주세요httpsmekrxe무료거부
2020,광고투데이▶경동제약월연말대비준비끝참여할인혜택무료거부
2020,광고wwwbblfcom개인회생이자원금최대탕감무료수신거부
2020,광고생생정보방송출연일주일이상bendconet무료거부
2020,예측성공정답대영포장다음▶OOOO미리잡기급등주의입회무료거부
2020,카카오뱅크승인박형원신전떡볶이화정점
2020,블랙프라이데이번쩍번쩍서게됨경험자만알수있음httpyuzwconckr
2020,광고동행분석팀금주추첨차예상번호신청hadoIIVDYL무료수신거부
2020,바이너리옵션예치금원상승실현원httpwwwbnycom
2020,광고조uuen졸라박아줄래ㅎ무료수신거부
2020,광고장기렌터카리스신차월만원차종별개월문의무료거부
2020,광고모바일청첩장pfkakaocomxiDExfKfriend날짜일요일무료거부
2020,광고모바일청첩장일시토장소mobakr예식장확인무료거부
2020,광고모바일청첩장일시토장소mobakr위치확인무료거부
2020,광고SH일만원과휴대폰으로돈벌기httpskrpeEPI무료거부
2020,광고부자들은우리랑왜달랐을까httpsmekrlou캭툑YR무료거부
2020,광고Lottorichlottorichcomlst회실제등또탄생무료거부
2020,광고jektookr육아맘주부간편부업어려운거없어요무료거부
2020,광고f펴은섹다른데이뚜♥여자랑무료거부
2020,예측성공정답대영포장다음▶OOOO미리잡기급등주의입회무료거부
2020,광고로또대학스카이조합가입비없이접수비만주세요월가져가세요무료거부
2020,광고BS부업으로도가능한방법핸드폰과만원준비OKhttpskrpeJnz무료거부
2020,민주노총·지역본부선거httpsvotekctuorgvoEbNROs↑투표하기
2020,광고자산관리관심은있는데방법을모르시면▼▼httpsiiiimAFWt무료거부
2020,광고현재이용중인인터넷tv교체개통시원요금할인무료거부
2020,광고이서준님골드거래l일차httpclickglyYdue당일무료수신거부
2020,광고네이버밴드회원님httpshangliHKq한달만들기시간소요무료거부
2020,광고KGW투자내인생에가난을없애기폰과만원OKhttpgocoPmR무료거부
2020,광고모바일예식장일시월일토위치mobakr위치일시확인무료거부
2020,호반써밋수성홈플러스지하철분초역세권㎡입주까지천백▶수성구입성마지막기회
2020,윈윈WKBL우리은행삼성생명환있어도OKwinwin⑧⑧com
2020,윈윈WKBL우리은행삼성생명환있어도OKwinwin⑧⑧com
2020,광고남산역에일린의뜰남산역분평당만대평평평선착순무료거부
2020,님KG순금골드바쟁취전곧시작접속시만상품권증정클릭참마음kr코드
2020,광고김용우t세화예비국어개강▶토p무료수신거부서초전문가집단
2020,광고드림김팀월마무리잘하시구요좋은하루되세요bbmm무료거부
2020,광고오늘만드려요★로링하고출★가요vicekorpw무료수신거부
2020,썸씽약관변경고지약관제조회원의의무개정안아래링크확인httpsbitlyuqyAZ
2020,광고받고놀고후기작성코드↓reurlkrADAEPR무료수신거부
2020,광고SBS달인의코로나영향없이집에서만원벌기문의무료거부
2020,광고KGW투자내인생에가난을없애기폰과만원OKhttpgocoPmR무료거부
2020,광고모바일청첩안내일시토장소mobakr식장위치무료거부
2020,광고SH일만원과휴대폰으로돈벌기httpskrpeEPI무료거부
2020,광고모바일청첩안내일시토장소mobakr식장확인무료거부
2020,핸드폰개통처광고▷명에게만무료행사▶노트▶이름을보내주세요수신거부
2020,광고KGW투자내인생에가난을없애기폰과만원OKhttpgocoPmR무료거부
2020,오늘의급등주확인하기httpbandabccom
2020,광고우리계열빅이벤트입금한번더로그인만сcpcm무료거부
2020,광고모바일청첩안내일시토장소mobakr웨딩장소무료거부
2020,광고사장님회차수령금만족하셨지요httpskogliO회차문의↑무료거부
2020,광고◆casion◆해♬택발급공휴일％평일％더kss〈OM무료거부
2020,바른손씨유메디칼긴말않고연말따듯하게보내실분만참여거부
2020,광고오늘만드려요★로링하고출★가요vicekorpw무료수신거부
2020,NAVER밴드환영합니다당첨을확인해요당첨확인ocokr
2020,NAVER밴드환영합니다당첨을확인해요당첨확인ocokr
2020,바른손씨유메디칼월한달동안고생하셨습니다예상누적내일탑승시작예수금얼마에요
2020,광고MS티켓안녕하세요정상영업중입니다야간도가능해요굿밤되세요무료거부
2020,광고운암산진아리채평당만원대선착순공급평형청약中무료수신거부
2020,여론조사위httpsbitlytcxYiJTBC월일오후시분
2020,광고모바일청첩안내일시토장소mobakr식장위치무료거부
2020,핸드폰개통처광고▶노트▷명당일무료행사▶이름을보내주세요수신거부
2020,핸드폰개통처광고▶노트▷명당일무료행사▶이름을보내주세요수신거부
2020,핸드폰개통처광고▶노트▷명당일무료행사▶이름을보내주세요수신거부
2020,김향화멘토님의네이버밴드소개합니다hwapageuseo
2020,캐치콜님이전화하셨습니다
2020,광고간절하면이루어진다폰과단일만원만준비하면OKhttpgocoPmL무료거부
2020,배움에는끝이없습니다손실없이성공하는비결blogdaumnetbinvt
2020,광고◆casion◆해♬택발급공휴일％평일％더kss〈OM무료거부
2020,신청하신VIP체험월마지막차트현황확인이윤이상김나경전문가bestseoulkra
2020,광고httpsmekrxlst모바일청첩장결혼을축하해주세요무료거부
2020,광고모바일청첩장결혼을축하해주세요mekrxlst무료거부
2020,광고AZ자산간절하면이루어진다폰과만원이면OKhttpgocoPmS무료거부
2020,광고모바일청첩장결혼을축하해주세요mekrxlst무료거부
2020,광고모바일예식장날짜일장소httpsmobakr모바일예식장무료거부
2020,광고새로운부업♥당일만원UPbasumnethb무료거부
2020,이현재님상한가모아봤습니다년준비하세요httphyytrcom무료체험하세요
2020,정가영바른손모아텍↑내일슛팅예고월첫날부터달립니다늦지않았어요함께준비해요
2020,불기둥바른손씨유메디칼월끝월새시작필요하신건결단력참가
2020,광고편의점알바생이이시국에파급적수확을비법공개hanglnVmqk무료거부
2020,불기둥바른손씨유메디칼월같이가시죠공시임박수익보셔야죠출발
2020,광고김현지바른손모아텍월최대수익준비끝내일봐요무료거부인증
2020,불기둥바른손씨유메디칼월같이가시죠공시임박수익보셔야죠출발
2020,핸드폰개통처광고▶노트▷명당일무료행사▶이름을보내주세요수신거부
2020,핸드폰개통처광고▶노트▷명당일무료행사▶이름을보내주세요수신거부
2020,핸드폰개통처광고▶노트▷명당일무료행사▶이름을보내주세요수신거부
2020,갤럭시z폴드선착순특가구매dokdoinRs무료거부
2020,갤럭시z폴드선착순특가구매dokdoinRs무료거부
2020,갤럭시z폴드선착순특가구매dokdoinRs무료거부
2020,갤럭시z폴드선착순특가구매dokdoinRs무료거부
2020,갤럭시z폴드선착순특가구매dokdoinRs무료거부
2020,갤럭시z폴드선착순특가구매dokdoinRs무료거부
2020,갤럭시z폴드선착순특가구매dokdoinRs무료거부
2020,갤럭시z폴드선착순특가구매dokdoinRs무료거부
2020,갤럭시z폴드선착순특가구매dokdoinRs무료거부
2020,갤럭시z폴드선착순특가구매dokdoinRs무료거부
2020,갤럭시z폴드선착순특가구매dokdoinRs무료거부
2020,갤럭시z폴드선착순특가구매dokdoinRs무료거부
2020,갤럭시z폴드선착순특가구매dokdoinRs무료거부
2020,갤럭시z폴드선착순특가구매dokdoinRs무료거부
2020,갤럭시z폴드선착순특가구매dokdoinRs무료거부
2020,갤럭시z폴드선착순특가구매dokdoinRs무료거부
2020,갤럭시z폴드선착순특가구매dokdoinRs무료거부
2020,갤럭시z폴드선착순특가구매dokdoinRs무료거부
2020,갤럭시z폴드선착순특가구매dokdoinRs무료거부
2020,갤럭시z폴드선착순특가구매dokdoinRs무료거부
2020,갤럭시z폴드선착순특가구매dokdoinRs무료거부
2020,갤럭시z폴드선착순특가구매dokdoinRs무료거부
2020,갤럭시z폴드선착순특가구매dokdoinRs무료거부
2020,갤럭시z폴드선착순특가구매dokdoinRs무료거부
2020,갤럭시z폴드선착순특가구매dokdoinRs무료거부
2020,갤럭시z폴드선착순특가구매dokdoinRs무료거부
2020,갤럭시z폴드선착순특가구매dokdoinRs무료거부
2020,갤럭시z폴드선착순특가구매dokdoinRs무료거부
2020,갤럭시z폴드선착순특가구매dokdoinRs무료거부
2020,갤럭시z폴드선착순특가구매dokdoinRs무료거부
2020,갤럭시z폴드선착순특가구매dokdoinRs무료거부
2020,갤럭시z폴드선착순특가구매dokdoinRs무료거부
2020,갤럭시z폴드선착순특가구매dokdoinRs무료거부
2020,갤럭시z폴드선착순특가구매dokdoinRs무료거부
2020,갤럭시z폴드선착순특가구매dokdoinRs무료거부
2020,갤럭시z폴드선착순특가구매dokdoinRs무료거부
2020,갤럭시z폴드선착순특가구매dokdoinRs무료거부
2020,갤럭시z폴드선착순특가구매dokdoinRs무료거부
2020,갤럭시z폴드선착순특가구매dokdoinRs무료거부
2020,갤럭시z폴드선착순특가구매dokdoinRs무료거부
2020,갤럭시z폴드선착순특가구매dokdoinRs무료거부
2020,갤럭시z폴드선착순특가구매dokdoinRs무료거부
2020,갤럭시z폴드선착순특가구매dokdoinRs무료거부
2020,갤럭시z폴드선착순특가구매dokdoinRs무료거부
2020,갤럭시z폴드선착순특가구매dokdoinRs무료거부
2020,갤럭시z폴드선착순특가구매dokdoinRs무료거부
2020,갤럭시z폴드선착순특가구매dokdoinRs무료거부
2020,갤럭시z폴드선착순특가구매dokdoinRs무료거부
2020,갤럭시z폴드선착순특가구매dokdoinRs무료거부
2020,갤럭시z폴드선착순특가구매dokdoinRs무료거부
2020,갤럭시z폴드선착순특가구매dokdoinRs무료거부
2020,갤럭시z폴드선착순특가구매dokdoinRs무료거부
2020,핸드폰개통처광고▶노트▷명당일무료행사▶이름을보내주세요수신거부
2020,핸드폰개통처광고▶노트▷명당일무료행사▶이름을보내주세요수신거부
2020,핸드폰개통처광고▶노트▷명당일무료행사▶이름을보내주세요수신거부
2020,불기둥바른손씨유메디칼월같이가시죠공시임박수익보셔야죠출발
2020,광고대영포장상한가적중▼후속주공개openkakaocomogLEGrc무료카톡방
2020,광고대영포장상한가적중▼후속주공개openkakaocomogLEGrc무료카톡방
2020,광고쇼핑퀸오늘하루패딩이공짜httpsbandusnaabUBaQ무료거부
2020,광고유웨이수능가채점설명회사전예약접수중bitlyfNjqEK무료거부
2020,광고대영포장상한가적중▼후속주공개openkakaocomogLEGrc무료카톡방
2020,광고대영포장상한가적중▼후속주공개openkakaocomogZxsc무료카톡방
2020,김포시대곶면상마리강원춘천시퇴계동
2020,광고영단기기적의프리패스오늘최종마감bitlyboJ무료수신거부
2020,광고시간PC방피씨앤푸드영등포점학생원이벤트음식섭취가능무료거부
2020,광고대영포장상한가적중▼후속주공개openkakaocomogLEGrc무료카톡방
2020,광고대영포장상한가적중▼후속주공개openkakaocomogLEGrc무료카톡방
2020,광고천사◑뎨리시내기본원대교건너원빠른배차무료부
2020,광고댸리친구☎주취검문주의요☆회에회만원무료무료거부
2020,핸드폰개통처광고▶노트▷명당일무료행사▶이름을보내주세요수신거부
2020,광고NAVER다시보내달란요청이많아보내드립니다httpbandhjmcomR무료거부
2020,핸드폰개통처광고▶노트▷명당일무료행사▶이름을보내주세요수신거부
2020,핸드폰개통처광고▶노트▷명당일무료행사▶이름을보내주세요수신거부
2020,핸드폰개통처광고▶노트▷명당일무료행사▶이름을보내주세요수신거부
2020,G이가Google인증코드입니다
2020,카카오T대리에서보내는인증번호입니다tReWQDHex
2020,광고HEVEN경인전자올해흑자전환수익대폭증가다음진행은문자무료거부
2020,광고중앙식자재마트행사pfkakaocomtkKdxl무료거부
2020,하나카드송수님결제금액기준원하나머니
2020,광고천사로또신축년일등번호가입여부관계없이선물받아가세요오늘발송무료거부
2020,고객님의물품이금일시배송예정입니다롯데택배
2020,광고증권가단독년신년주도주최소참여답변무료거부
2020,다사다난한년을극복하시고새희망과건강을기원드립니다대국회의원이재영올림
2020,광고국민일보httpidokrXHfe서민을위한위험회피형정보무료거부
2020,광고증권가단독년신년주도주최소참여답변무료거부
2020,힘들고긴한해였습니다새해에는좋은일만있으시길바랍니다♣달서구의원김기열배상♣
2020,광고국민일보httpidokrbbMrH서민을위한위험회피형정보무료거부
2020,광고LWQ동행▷분석센터◁차예상번호신청hadoJLNE무료수신거부
2020,광고무진로스위트평형대일반분양평당만민간공원특례사업무료거부
2020,광고성공멀리있지않습니다dreamvgdkr성공후기무료거부
2020,광고엘지SKKT자택의인터넷방송바꾸면상당의혜택드림무료거부
2020,베풀어주신은혜늘감사하고고맙습니다신축년새해복많이받으세요시의원마선식올림
2020,광고요청이많아httpmhstatsusa분만더무료거부
2020,광고Naver밴드초대합니다httpsbitlyrGVCbj무료수신거부
2020,엄마폰고장나서AS해놓았어문자확인하면여기로답장줘
2020,광고스마트폰으로앉아서하루만원httpbestestcokr▲인증번호무료거부
2020,광고주스카이로또연말이벤트원지급httpggggnokcb무료거부
2020,국민건강검진통지서보기xcgdyewiki
2020,국민건강검진통지서보기xmgdyewiki
2020,광고다이아연말의행복원으로하루만httpskoglKg무료거부
2020,광고S뱅크연말evㅊㅊ토큰발매신년ev내일SBNBC무료수신거부
2020,광고한국증권연구소【작전주】수급팀didoOpc▶무료입장무료거부
2020,광고대학생이어떻게건물주가됐지hanglXocdE무료수신거부
2020,갤럭시z폴드선착순특가구매dokdoinRs무료거부
2020,갤럭시z폴드선착순특가구매dokdoinRs무료거부
2020,갤럭시z폴드선착순특가구매dokdoinRs무료거부
2020,갤럭시z폴드선착순특가구매dokdoinRs무료거부
2020,갤럭시z폴드선착순특가구매dokdoinRs무료거부
2020,갤럭시z폴드선착순특가구매dokdoinRs무료거부
2020,갤럭시z폴드선착순특가구매dokdoinRs무료거부
2020,갤럭시z폴드선착순특가구매dokdoinRs무료거부
2020,갤럭시z폴드선착순특가구매dokdoinRs무료거부
2020,갤럭시z폴드선착순특가구매dokdoinRs무료거부
2020,갤럭시z폴드선착순특가구매dokdoinRs무료거부
2020,갤럭시z폴드선착순특가구매dokdoinRs무료거부
2020,갤럭시z폴드선착순특가구매dokdoinRs무료거부
2020,갤럭시z폴드선착순특가구매dokdoinRs무료거부
2020,갤럭시z폴드선착순특가구매dokdoinRs무료거부
2020,광고휴대폰하나로매월만원tlwxzkrexchange무료거부
2020,광고금일실시간리딩참여하기asqkrGnsCLmgiiP무료거부
2020,광고휴대폰하나로매월만원tlwxzkrexchange무료거부
2020,거대하게만듭니다이것하니바암마다난리나호I춘한나에게httpaehaytkr
2020,광고경단기이상품만원할인★오늘소멸★bitlyFQWseg무료수신거부
2020,광고자산키우기지금확인하세요눈으로httpshanglUpyQk무료수신거부
2020,광고올해마지막추첨회확인하기httpggggnoka무료거부
2020,한해의마감시들시들해지지않고잘버팀venT막날httpufdibeaukr
2020,광고스마트폰으로앉아서하루만원httpbestestcokr▲인증번호무료거부
2020,광고초대위기는극복순간은선택기회는한번httpshanglVYUB무료거부
2020,폰개통한곳입니다갤노트만원갤SFE만원에구매가능합니다문자로성함남겨주세요
2020,광고JK자산회원님들이방법으로은행채무금해결했어요wwwaetyucom확인무료거부
2020,광고창원존버pc시간과금없이원원정액이상이벤트시간당원무료거부
2020,광고LIFESOLUTION아직도모르고계신가요httpbitlypGrWcD무료거부
2020,신한출금잔액다와컴
2020,취업상담설문에응해주셔서감사드립니다문항httpsbitlykmG광운대경력개발팀
2020,광고한해마무리전문가배치분참여마감일bitlyYvn무료거부
2020,중소기업대상으로무담보무보증이며신용등급영향없는단기사업자금필요시연락주세요
2020,국민건강검진통지서보기ludhewiki
2020,광고라이프나만빼고다아는그비결은httpbitlyhmEuTq무료거부
2020,광고라이프나만빼고다아는그비결은httpbitlyhmEuTq무료거부
2020,광고네이버밴드에서초대합니다hanglsYdr무료수신거부
2020,광고라이프나만빼고다아는그비결은httpbitlyhmEuTq무료거부
2020,올해마무리잘하시고신축년새해더욱건승하길바랍니다전시의원조성제무료거부
2020,광고IMPRIMEMT정식등록브로커국내법인업무협약hanglaYRWq무료수신거부
2020,광고다이아연말의행복원으로만원을httpskoglo무료거부
2020,뉴에라사이트폭주로인한접속장애가발생하여대단히죄송합니다무료거부
2020,당찬사람이언주정권교체의시작부산변화의시작새해건강하세요부산시장예비후보이언주올림
2020,당찬사람이언주정권교체의시작부산변화의시작새해건강하세요부산시장예비후보이언주올림
2020,당찬사람이언주정권교체의시작부산변화의시작새해건강하세요부산시장예비후보이언주올림
2020,광고토루힘들었던한해를지나희망찬년새해건강하시길기원합니다무료거부
2020,광고새해빅벤바■출금신화카■줄타고꿈에억라■가입축하만tbbm무료거부
2020,광고이수정애널리스트만원으로부자되기TV방영httpggggnoka무료거부
2020,광고명확한목표설정과패턴현재원진행httpggggacbg무료거부
2020,광고막날대통대박코드▼reurlkrCFEDFXW무료수신거부
2020,당찬사람이언주정권교체의시작부산변화의시작새해건강하세요부산시장예비후보이언주올림
2020,YesKey금융인증서비스확인코드자리를문자로답장한후서비스화면으로돌아가세요
2020,광고httpnewsobaH이것통해밀린대출금모두해결했습니다무료수신거부
2020,당찬사람이언주정권교체의시작부산변화의시작새해건강하세요부산시장예비후보이언주올림
2020,광고쿠폰도착현금발급Meritbts〈OM무료거부
2020,광고sinceCAGiN♣입금시처음ooooTMAⓒ☎M무료거부
2020,광고쿠폰전송현금발급Meritatt〈OM무료거부
2020,광고♨ⓦaⓡcom년첫출발은샌즈로무제한출금하세요우리쿱카무료거부
2020,광고쿠폰전송현금발급Meritatt〈OM무료거부
2020,광고쿠폰전송현금발급Meritatt〈OM무료거부
2020,★조원미친수혜주★어제박셀바이오수익바로이어갈대박주최소연상공개
2020,광고쿠폰전송현금발급Meritatt〈OM무료거부
2020,광고HJ이색투자비법아직도모르고계신가요bitlypGrWcD무료거부
2020,광고쿠폰전송현금발급Meritatt〈OM무료거부
2020,광고WS서비스우성회원전용bⓦw⑦com무료거부
2020,광고메♥카리♥지트♥노쿠폰SXX〈OM무료거부
2020,광고WS서비스년새해복많이받으세요우성임직원일동무료거부
2020,광고sinceCAGiN♤입금시처음ooooTMAⓒ☎M무료거부
2020,안녕하세요쌍용자동차정무진입니다년도수고하셨습니다새복많이받으세요
2020,광고쿠폰전송현금발급Meritatt〈OM무료거부
2020,광고강추마지막분만더모시겠습니다afxbandorgw무료거부
2020,당찬사람이언주정권교체의시작부산변화의시작새해건강하세요부산시장예비후보이언주올림
2020,광고RIFE이색투자비법아직도이걸모르시나요httpbitlyhmEuTq무료거부
2020,광고쿠폰전송현금발급Meritatt〈OM무료거부
2020,광고쿠폰전송현금발급Meritatt〈OM무료거부
2020,광고평일휴대폰하나면아줌마도하고있는부업bandseokr무료거부
2020,광고HJ이색투자비법아직도모르고계신가요bitlypGrWcD무료거부
2020,광고메인경제애플카자율주행관련주dokdoinRs무료거부
2020,대구대수시추가합격자발표httpipsidaeguackr
2020,세알남새해맞이딱일만할인쿠폰지급년새해복많이받으세요♥
2020,광고쿠폰전송현금발급Meritatt〈OM무료거부
2020,YesKey금융인증서비스확인코드자리를문자로답장한후서비스화면으로돌아가세요
2020,우리은행김성님타기관인증서등록신청완료본인아니면즉시신고요망
2020,광고메인경제애플카자율주행관련주dokdoinRs무료거부
2020,광고메인경제애플카자율주행관련주dokdoinRs무료거부
2020,당찬사람이언주정권교체의시작부산변화의시작새해건강하세요부산시장예비후보이언주올림
2020,광고주강원뱅플연속줄룰렛배가입축하만bnym무료거부
2020,라이프쇼핑그럼에도활기차게달려온년년에도건강과큰결실응원해요www라이프com
2020,광고이거하나로하루최대천만원내계좌로hanglaIbzZ무료수신거부
2020,★조원미친수혜주★어제박셀바이오수익바로이어갈대박주최소연상공개
2020,년차된인증매이저연말한정마지막초청신규무료l만증정코드▶BＥNZlink
2020,올한해도감사드립니다새해복많이받으세요성남시의원정윤올림
2020,광고CJ대한통운운송취소물류센터보관bitlyaSpJr확인요망무료수신거부
2020,년차된인증매이저연말한정마지막초청신규무료l만증정코드▶BＥNZlink
2020,년차된인증매이저연말한정마지막초청신규무료l만증정코드▶BＥNZlink
2020,광고CJ대한통운운송취소물류창고보관bitlyxlF확인요망무료수신거부
2020,회원만연합매이져시제억인증입출자동화VlP한정코V드▶ＰLMElink
2020,한시적신규모집l만P◁지급타업체비교XlＯ억잔고보증ok▶HＩTElink코드
2020,투인상품권VIP알림매월일은충전해제날입니다httpswwwtwoincokr문의
2020,한시적신규모집l만P◁지급타업체비교XlＯ억잔고보증ok▶HＩTElink코드
2020,한시적신규모집l만P◁지급타업체비교XlＯ억잔고보증ok▶HＩTElink코드
2020,일시적회원가입중타업체비교X억잔고보증ok만원증정코드▶HＩTElink
2020,당찬사람이언주정권교체의시작부산변화의시작새해건강하세요부산시장예비후보이언주올림
2020,일시적회원가입중타업체비교X억잔고보증ok만원증정코드▶ＦUNYlink
2020,일시적회원가입중타업체비교X억잔고보증ok만원증정코드▶HＩTElink
2020,광고메인경제애플카자율주행관련주dokdoinSwH무료거부
2020,우알롱WOOALONG구웅rndnd님회원가입을축하드립니다
2020,당찬사람이언주정권교체의시작부산변화의시작새해건강하세요부산시장예비후보이언주올림
2020,갤럭시z폴드선착순특가구매dokdoinRs무료거부
2020,갤럭시z폴드선착순특가구매dokdoinRs무료거부
2020,갤럭시z폴드선착순특가구매dokdoinRs무료거부
2020,갤럭시z폴드선착순특가구매dokdoinRs무료거부
2020,갤럭시z폴드선착순특가구매dokdoinRs무료거부
2020,갤럭시z폴드선착순특가구매dokdoinRs무료거부
2020,갤럭시z폴드선착순특가구매dokdoinRs무료거부
2020,갤럭시z폴드선착순특가구매dokdoinRs무료거부
2020,갤럭시z폴드선착순특가구매dokdoinRs무료거부
2020,갤럭시z폴드선착순특가구매dokdoinRs무료거부
2020,갤럭시z폴드선착순특가구매dokdoinRs무료거부
2020,갤럭시z폴드선착순특가구매dokdoinRs무료거부
2020,갤럭시z폴드선착순특가구매dokdoinRs무료거부
2020,갤럭시z폴드선착순특가구매dokdoinRs무료거부
2020,갤럭시z폴드선착순특가구매dokdoinRs무료거부
2020,갤럭시z폴드선착순특가구매dokdoinRs무료거부
2020,갤럭시z폴드선착순특가구매dokdoinRs무료거부
2020,갤럭시z폴드선착순특가구매dokdoinRs무료거부
2020,갤럭시z폴드선착순특가구매dokdoinRs무료거부
2020,갤럭시z폴드선착순특가구매dokdoinRs무료거부
2020,갤럭시z폴드선착순특가구매dokdoinRs무료거부
2020,갤럭시z폴드선착순특가구매dokdoinRs무료거부
2020,갤럭시z폴드선착순특가구매dokdoinRs무료거부
2020,갤럭시z폴드선착순특가구매dokdoinRs무료거부
2020,갤럭시z폴드선착순특가구매dokdoinRs무료거부
2020,갤럭시z폴드선착순특가구매dokdoinRs무료거부
2020,갤럭시z폴드선착순특가구매dokdoinRs무료거부
2020,갤럭시z폴드선착순특가구매dokdoinRs무료거부
2020,갤럭시z폴드선착순특가구매dokdoinRs무료거부
2020,갤럭시z폴드선착순특가구매dokdoinRs무료거부
2020,갤럭시z폴드선착순특가구매dokdoinRs무료거부
2020,갤럭시z폴드선착순특가구매dokdoinRs무료거부
2020,갤럭시z폴드선착순특가구매dokdoinRs무료거부
2020,갤럭시z폴드선착순특가구매dokdoinRs무료거부
2020,갤럭시z폴드선착순특가구매dokdoinRs무료거부
2020,갤럭시z폴드선착순특가구매dokdoinRs무료거부
2020,갤럭시z폴드선착순특가구매dokdoinRs무료거부
2020,갤럭시z폴드선착순특가구매dokdoinRs무료거부
2020,갤럭시z폴드선착순특가구매dokdoinRs무료거부
2020,갤럭시z폴드선착순특가구매dokdoinRs무료거부
2020,갤럭시z폴드선착순특가구매dokdoinRs무료거부
2020,갤럭시z폴드선착순특가구매dokdoinRs무료거부
2020,갤럭시z폴드선착순특가구매dokdoinRs무료거부
2020,갤럭시z폴드선착순특가구매dokdoinRs무료거부
2020,갤럭시z폴드선착순특가구매dokdoinRs무료거부
2020,갤럭시z폴드선착순특가구매dokdoinRs무료거부
2020,갤럭시z폴드선착순특가구매dokdoinRs무료거부
2020,갤럭시z폴드선착순특가구매dokdoinRs무료거부
2020,갤럭시z폴드선착순특가구매dokdoinRs무료거부
2020,갤럭시z폴드선착순특가구매dokdoinRs무료거부
2020,갤럭시z폴드선착순특가구매dokdoinRs무료거부
2020,갤럭시z폴드선착순특가구매dokdoinRs무료거부
2020,갤럭시z폴드선착순특가구매dokdoinRs무료거부
2020,갤럭시z폴드선착순특가구매dokdoinRs무료거부
2020,갤럭시z폴드선착순특가구매dokdoinRs무료거부
2020,갤럭시z폴드선착순특가구매dokdoinRs무료거부
2020,갤럭시z폴드선착순특가구매dokdoinRs무료거부
2020,갤럭시z폴드선착순특가구매dokdoinRs무료거부
2020,갤럭시z폴드선착순특가구매dokdoinRs무료거부
2020,갤럭시z폴드선착순특가구매dokdoinRs무료거부
2020,갤럭시z폴드선착순특가구매dokdoinRs무료거부
2020,갤럭시z폴드선착순특가구매dokdoinRs무료거부
2020,갤럭시z폴드선착순특가구매dokdoinRs무료거부
2020,갤럭시z폴드선착순특가구매dokdoinRs무료거부
2020,갤럭시z폴드선착순특가구매dokdoinRs무료거부
2020,갤럭시z폴드선착순특가구매dokdoinRs무료거부
2020,갤럭시z폴드선착순특가구매dokdoinRs무료거부
2020,갤럭시z폴드선착순특가구매dokdoinRs무료거부
2020,갤럭시z폴드선착순특가구매dokdoinRs무료거부
2020,갤럭시z폴드선착순특가구매dokdoinRs무료거부
2020,갤럭시z폴드선착순특가구매dokdoinRs무료거부
2020,갤럭시z폴드선착순특가구매dokdoinRs무료거부
2020,갤럭시z폴드선착순특가구매dokdoinRs무료거부
2020,갤럭시z폴드선착순특가구매dokdoinRs무료거부
2020,갤럭시z폴드선착순특가구매dokdoinRs무료거부
2020,갤럭시z폴드선착순특가구매dokdoinRs무료거부
2020,갤럭시z폴드선착순특가구매dokdoinRs무료거부
2020,갤럭시z폴드선착순특가구매dokdoinRs무료거부
2020,갤럭시z폴드선착순특가구매dokdoinRs무료거부
2020,갤럭시z폴드선착순특가구매dokdoinRs무료거부
2020,갤럭시z폴드선착순특가구매dokdoinRs무료거부
2020,갤럭시z폴드선착순특가구매dokdoinRs무료거부
2020,갤럭시z폴드선착순특가구매dokdoinRs무료거부
2020,갤럭시z폴드선착순특가구매dokdoinRs무료거부
2020,갤럭시z폴드선착순특가구매dokdoinRs무료거부
2020,갤럭시z폴드선착순특가구매dokdoinRs무료거부
2020,갤럭시z폴드선착순특가구매dokdoinRs무료거부
2020,갤럭시z폴드선착순특가구매dokdoinRs무료거부
2020,갤럭시z폴드선착순특가구매dokdoinRs무료거부
2020,갤럭시z폴드선착순특가구매dokdoinRs무료거부
2020,갤럭시z폴드선착순특가구매dokdoinRs무료거부
2020,갤럭시z폴드선착순특가구매dokdoinRs무료거부
2020,갤럭시z폴드선착순특가구매dokdoinRs무료거부
2020,갤럭시z폴드선착순특가구매dokdoinRs무료거부
2020,갤럭시z폴드선착순특가구매dokdoinRs무료거부
2020,갤럭시z폴드선착순특가구매dokdoinRs무료거부
2020,갤럭시z폴드선착순특가구매dokdoinRs무료거부
2020,갤럭시z폴드선착순특가구매dokdoinRs무료거부
2020,갤럭시z폴드선착순특가구매dokdoinRs무료거부



